id,name,code,dashboard_ids/id,description,formula,metric_type,unit,source,granularity,audience,owner,target_value,warning_value,critical_value,direction,freshness_seconds,retention_days,formula_version,sequence
metric_app_health,Aplikačný stav,app_health_status,"dashboard_founder,dashboard_live_operations",Celkový stav používateľsky dôležitých journeys.,minimum status of critical SLIs,status,status,aggregator,5m,general,Engineering,1,0.75,0.5,higher,300,90,1,10
metric_request_count,Počet requestov,http_request_count,"dashboard_live_operations,dashboard_api_backend",Počet oprávnených HTTP requestov bez health scrape.,sum eligible requests,counter,count,arcigy /metrics,5m,engineering,Engineering,0,0,0,neutral,300,90,1,20
metric_request_success,Úspešnosť requestov,http_request_success_rate,"dashboard_live_operations,dashboard_api_backend,dashboard_slo_incidents",Úspešné eligible requesty delené všetkými eligible requestmi.,successful eligible requests / eligible requests,ratio,%,arcigy /metrics,5m,engineering,Engineering,99.9,99.5,99,higher,300,90,1,30
metric_core_action_success,Úspešnosť core action,core_action_success_rate,"dashboard_founder,dashboard_live_operations,dashboard_slo_incidents,dashboard_product_funnel",Úspešné zmysluplné produktové operácie delené oprávnenými pokusmi.,successful core actions / eligible core actions,ratio,%,product events,5m,general,Product,99.9,99,98,higher,300,730,1,40
metric_rps,Requests za sekundu,http_requests_per_second,"dashboard_live_operations,dashboard_api_backend,dashboard_infrastructure",Tempo eligible requestov.,rate eligible requests,gauge,rps,arcigy /metrics,5m,engineering,Engineering,0,0,0,neutral,300,90,1,50
metric_active_requests,Aktívne requesty,http_requests_in_flight,"dashboard_live_operations,dashboard_api_backend",Aktuálny počet rozpracovaných HTTP requestov.,current in-flight requests,gauge,count,arcigy /metrics,current,engineering,Engineering,0,0,0,lower,120,30,1,60
metric_concurrent_users,Súbežní používatelia,concurrent_users,"dashboard_live_operations,dashboard_infrastructure,dashboard_thousand_users",Odhad aktívnych používateľov v rovnakom časovom okne.,distinct active sessions in window,gauge,count,aggregator,5m,general,Product,0,0,0,neutral,300,90,1,70
metric_http_p50,HTTP latency p50,http_latency_p50_seconds,"dashboard_live_operations,dashboard_api_backend",Medián serverového času eligible requestov.,histogram quantile 0.50,duration,s,arcigy /metrics,5m,engineering,Engineering,0.25,0.5,1,lower,300,90,1,80
metric_http_p95,HTTP latency p95,http_latency_p95_seconds,"dashboard_live_operations,dashboard_api_backend,dashboard_slo_incidents,dashboard_thousand_users",95. percentil serverového času eligible requestov.,histogram quantile 0.95,duration,s,arcigy /metrics,5m,engineering,Engineering,1,2,5,lower,300,90,1,90
metric_http_p99,HTTP latency p99,http_latency_p99_seconds,"dashboard_live_operations,dashboard_api_backend,dashboard_thousand_users",99. percentil serverového času eligible requestov.,histogram quantile 0.99,duration,s,arcigy /metrics,5m,engineering,Engineering,2,5,10,lower,300,90,1,100
metric_http_5xx,HTTP 5xx rate,http_5xx_rate,"dashboard_live_operations,dashboard_api_backend,dashboard_slo_incidents",Podiel serverových chýb medzi eligible requestmi.,5xx requests / eligible requests,ratio,%,arcigy /metrics,5m,engineering,Engineering,0,0.5,1,lower,300,90,1,110
metric_timeout,Timeout rate,http_timeout_rate,"dashboard_live_operations,dashboard_api_backend",Podiel requestov ukončených timeoutom.,timed out requests / eligible requests,ratio,%,arcigy /metrics,5m,engineering,Engineering,0,0.5,1,lower,300,90,1,120
metric_rate_limited,Rate-limit zásahy,http_rate_limited_count,"dashboard_live_operations,dashboard_api_backend,dashboard_security",Počet requestov odmietnutých ochranou 429.,count status 429,counter,count,arcigy /metrics,5m,security,Security,0,10,100,lower,300,90,1,130
metric_db_query_p95,DB operation p95,db_operation_p95_seconds,"dashboard_database,dashboard_live_operations",95. percentil databázových operácií.,histogram quantile 0.95,duration,s,postgres exporter,5m,engineering,Engineering,0.1,0.25,1,lower,300,90,1,140
metric_db_pool_util,DB pool utilization,db_pool_utilization,"dashboard_database,dashboard_live_operations,dashboard_thousand_users",Podiel použitých connection slotov aplikačného poolu.,used pool slots / configured pool slots,ratio,%,application pool metrics,5m,engineering,Engineering,60,80,90,lower,300,90,1,150
metric_db_pool_wait,DB pool wait p95,db_pool_wait_p95_seconds,"dashboard_database,dashboard_live_operations,dashboard_thousand_users",95. percentil čakania na DB connection.,histogram quantile 0.95,duration,s,application pool metrics,5m,engineering,Engineering,0.01,0.1,0.5,lower,300,90,1,160
metric_db_pool_timeout,DB pool timeouty,db_pool_timeout_count,"dashboard_database,dashboard_live_operations",Počet timeoutov pri získavaní DB connection.,count pool acquisition timeouts,counter,count,application pool metrics,5m,engineering,Engineering,0,1,5,lower,300,90,1,170
metric_db_storage,DB storage,db_storage_bytes,"dashboard_database,dashboard_infrastructure",Aktuálna veľkosť databázy.,database size bytes,gauge,bytes,postgres exporter,hour,engineering,Engineering,0,0,0,lower,3600,730,1,180
metric_queue_depth,Queue depth,queue_depth,"dashboard_queues_jobs,dashboard_live_operations",Počet čakajúcich správ alebo jobov.,current queued work,gauge,count,queue metrics,5m,engineering,Engineering,0,100,1000,lower,300,90,1,190
metric_queue_oldest,Vek najstaršieho jobu,queue_oldest_age_seconds,"dashboard_queues_jobs,dashboard_live_operations,dashboard_thousand_users",Čas čakania najstaršieho nespracovaného jobu.,now - oldest enqueued at,gauge,s,queue metrics,5m,engineering,Engineering,0,60,300,lower,300,90,1,200
metric_job_failure,Job failure rate,job_failure_rate,"dashboard_queues_jobs,dashboard_live_operations",Podiel zlyhaných dokončených jobov.,failed jobs / completed jobs,ratio,%,queue metrics,5m,engineering,Engineering,0,1,5,lower,300,90,1,210
metric_cache_hit,Cache hit ratio,cache_hit_ratio,"dashboard_cache_cdn_search,dashboard_live_operations,dashboard_thousand_users",Podiel požiadaviek obslúžených cache.,cache hits / cache requests,ratio,%,cache exporter,5m,engineering,Engineering,90,75,50,higher,300,90,1,220
metric_cache_timeout,Cache timeout rate,cache_timeout_rate,"dashboard_cache_cdn_search,dashboard_live_operations",Podiel cache operácií ukončených timeoutom.,cache timeouts / cache requests,ratio,%,cache exporter,5m,engineering,Engineering,0,0.5,2,lower,300,90,1,230
metric_dependency_success,Dependency success rate,dependency_success_rate,"dashboard_dependencies,dashboard_live_operations",Úspešnosť volaní externých závislostí.,successful dependency calls / eligible calls,ratio,%,dependency metrics,5m,engineering,Engineering,99.9,99,95,higher,300,90,1,240
metric_dependency_p95,Dependency latency p95,dependency_p95_seconds,"dashboard_dependencies,dashboard_live_operations",95. percentil trvania externých volaní.,histogram quantile 0.95,duration,s,dependency metrics,5m,engineering,Engineering,1,3,10,lower,300,90,1,250
metric_healthy_instances,Zdravé app inštancie,healthy_app_instances,"dashboard_live_operations,dashboard_infrastructure,dashboard_thousand_users",Počet zdravých a ready app replík.,count healthy ready replicas,gauge,count,CapRover,5m,engineering,Engineering,1,1,0,higher,300,90,1,260
metric_cpu_saturation,CPU saturation,cpu_saturation,"dashboard_live_operations,dashboard_infrastructure,dashboard_thousand_users",Najvyššie udržateľné využitie CPU relevantných replík.,max sustained CPU utilization,gauge,%,host metrics,5m,engineering,Engineering,60,80,90,lower,300,90,1,270
metric_memory_saturation,Memory saturation,memory_saturation,"dashboard_live_operations,dashboard_infrastructure,dashboard_thousand_users",Najvyššie udržateľné využitie memory limitu relevantných replík.,max sustained memory utilization,gauge,%,host metrics,5m,engineering,Engineering,60,80,90,lower,300,90,1,280
metric_active_tenants,Aktívni tenanti,active_tenants,"dashboard_founder,dashboard_product_funnel,dashboard_engagement,dashboard_tenant_health",Tenanti so zmysluplnou produktovou akciou v období.,distinct tenants with core action,gauge,count,product aggregates,day,customer_success,Product,0,0,0,higher,86400,1095,1,290
metric_activation,Activation rate,activation_rate,"dashboard_founder,dashboard_product_funnel,dashboard_tenant_health",Nové tenanty dosahujúce definovanú activation.,activated new tenants / eligible new tenants,ratio,%,product aggregates,day,customer_success,Product,60,40,20,higher,86400,1095,1,300
metric_mau,MAU,mau,"dashboard_founder,dashboard_engagement",Používatelia so zmysluplnou akciou za 30 dní.,distinct meaningful active users,gauge,count,product aggregates,day,customer_success,Product,0,0,0,higher,86400,1095,1,310
metric_retention_30d,30-dňová retention,retention_30d,"dashboard_founder,dashboard_engagement,dashboard_tenant_health",Podiel oprávnenej kohorty aktívnej po 30 dňoch.,cohort active day 30 / eligible cohort,ratio,%,product aggregates,day,customer_success,Product,60,40,20,higher,86400,1095,1,320
metric_mrr,MRR,mrr,"dashboard_founder,dashboard_revenue_billing,dashboard_finops",Mesačný opakovaný príjem podľa billing source of truth.,sum active normalized monthly recurring revenue,money,EUR,billing aggregates,day,finance,Finance,0,0,0,higher,86400,3650,1,330
metric_arr,ARR,arr,"dashboard_founder,dashboard_revenue_billing",Ročný opakovaný príjem odvodený z MRR.,MRR * 12,money,EUR,billing aggregates,day,finance,Finance,0,0,0,higher,86400,3650,1,340
metric_nrr,NRR,nrr,"dashboard_founder,dashboard_revenue_billing",Revenue retention vrátane expansion a reactivation.,(starting MRR + expansion + reactivation - contraction - churn) / starting MRR,ratio,%,billing aggregates,month,finance,Finance,100,90,80,higher,86400,3650,1,350
metric_payment_success,Payment success rate,payment_success_rate,"dashboard_founder,dashboard_revenue_billing",Podiel úspešných oprávnených platobných pokusov.,successful payments / eligible payment attempts,ratio,%,billing provider,day,finance,Finance,99,95,90,higher,86400,3650,1,360
metric_total_cost,Celkové prevádzkové náklady,total_operational_cost,"dashboard_founder,dashboard_finops",Priame prevádzkové náklady za zvolené obdobie.,sum attributed direct operational cost,money,EUR,cost aggregates,day,finance,Finance,0,0,0,lower,86400,3650,1,370
metric_cost_tenant,Náklad na aktívny tenant,cost_per_active_tenant,"dashboard_founder,dashboard_finops,dashboard_tenant_health",Prevádzkové náklady delené aktívnymi tenantmi.,total operational cost / active tenants,money,EUR,cost aggregates,day,finance,Finance,0,0,0,lower,86400,3650,1,380
metric_gross_margin,Hrubá marža,gross_margin,"dashboard_founder,dashboard_finops",Revenue po odpočítaní priamych nákladov služby.,(revenue - direct cost of service) / revenue,ratio,%,finance aggregates,month,finance,Finance,70,50,30,higher,86400,3650,1,390
metric_slo_availability,SLO availability,slo_availability,"dashboard_founder,dashboard_slo_incidents",Úspešné eligible requesty za SLO obdobie.,good requests / valid requests,ratio,%,SLO aggregator,5m,general,Engineering,99.9,99.5,99,higher,300,730,1,400
metric_error_budget,Zostávajúci error budget,error_budget_remaining,"dashboard_founder,dashboard_slo_incidents",Zostávajúca časť povoleného error budgetu.,1 - consumed error budget,ratio,%,SLO aggregator,5m,general,Engineering,100,50,10,higher,300,730,1,410
metric_open_critical_incidents,Otvorené P0/P1 incidenty,open_p0_p1_incidents,"dashboard_founder,dashboard_live_operations,dashboard_slo_incidents",Počet otvorených kritických incidentov.,count open P0 and P1 incidents,gauge,count,Odoo incidents,5m,general,Engineering,0,1,2,lower,300,3650,1,420
metric_mrr_at_risk,MRR v riziku,mrr_at_risk,"dashboard_founder,dashboard_tenant_health,dashboard_revenue_billing",MRR tenantov v stave at risk alebo zasiahnutých kritickým incidentom.,sum MRR of at-risk tenants,money,EUR,tenant health aggregates,day,finance,Customer Success,0,0,0,lower,86400,3650,1,430
metric_sync_freshness,Odoo sync freshness,odoo_sync_freshness_seconds,"dashboard_data_quality,dashboard_founder",Vek poslednej úspešnej Odoo synchronizácie.,now - last successful sync,gauge,s,sync service,5m,engineering,Engineering,0,450,900,lower,300,730,1,440
metric_events_sent,Events sent,events_sent_count,"dashboard_data_quality",Počet eventov deklarovaných zdrojom v úplnom uzavretom okne.,count sent events,counter,count,event pipeline,5m,engineering,Engineering,0,0,0,neutral,300,730,1,441
metric_events_received,Events received,events_received_count,"dashboard_data_quality",Počet eventov prijatých ingestom v rovnakom úplnom okne.,count received events,counter,count,event pipeline,5m,engineering,Engineering,0,0,0,neutral,300,730,1,442
metric_events_processed,Events processed,events_processed_count,"dashboard_data_quality",Počet úspešne spracovaných prijatých eventov.,count processed events,counter,count,event pipeline,5m,engineering,Engineering,0,0,0,neutral,300,730,1,443
metric_events_rejected,Events rejected,events_rejected_count,"dashboard_data_quality",Počet odmietnutých prijatých eventov.,count rejected events,counter,count,event pipeline,5m,engineering,Engineering,0,1,10,lower,300,730,1,444
metric_schema_failures,Schema validation failures,schema_validation_failure_count,"dashboard_data_quality",Počet eventov ktoré neprešli validáciou schémy.,count schema validation failures,counter,count,event pipeline,5m,engineering,Engineering,0,1,10,lower,300,730,1,445
metric_missing_fields,Missing required fields,missing_required_field_count,"dashboard_data_quality",Počet eventov s chýbajúcim povinným poľom.,count events missing required fields,counter,count,event pipeline,5m,engineering,Engineering,0,1,10,lower,300,730,1,446
metric_late_event_rate,Late event rate,late_event_rate,"dashboard_data_quality",Podiel prijatých eventov doručených po povolenom limite.,late events / received events,ratio,%,event pipeline,5m,engineering,Engineering,0,1,5,lower,300,730,1,447
metric_unknown_tenant_mapping,Unknown tenant mappings,unknown_tenant_mapping_count,"dashboard_data_quality",Počet prijatých eventov bez platného tenant mappingu.,count events with unknown tenant mapping,counter,count,event pipeline,5m,engineering,Engineering,0,1,10,lower,300,730,1,448
metric_sync_error,Odoo sync error rate,odoo_sync_error_rate,"dashboard_data_quality,dashboard_founder",Podiel odmietnutých alebo zlyhaných sync záznamov.,rejected and failed records / attempted records,ratio,%,sync service,5m,engineering,Engineering,0,1,5,lower,300,730,1,450
metric_event_loss,Odhad straty eventov,event_loss_estimate,"dashboard_data_quality",Odhad eventov chýbajúcich medzi source a ingestom.,max sent - received adjusted for retry,gauge,count,event pipeline,5m,engineering,Engineering,0,1,10,lower,300,730,1,460
metric_duplicate_rate,Duplicate event rate,event_duplicate_rate,"dashboard_data_quality",Podiel deduplikovaných eventov.,duplicate events / received events,ratio,%,event pipeline,5m,engineering,Engineering,0,1,5,lower,300,730,1,470
metric_backup_age,Vek posledného backupu,backup_age_seconds,"dashboard_backup_dr,dashboard_founder",Čas od posledného úspešného off-host backupu.,now - last successful off-host backup,gauge,s,backup system,5m,engineering,Engineering,0,86400,172800,lower,300,3650,1,480
metric_restore_age,Vek posledného restore testu,restore_test_age_seconds,"dashboard_backup_dr,dashboard_founder",Čas od posledného úspešného izolovaného restore testu.,now - last successful restore drill,gauge,s,restore evidence,day,engineering,Engineering,0,2592000,7776000,lower,86400,3650,1,490
metric_restore_success,Restore test úspešnosť,restore_test_success_rate,"dashboard_backup_dr,dashboard_thousand_users",Podiel úspešných izolovaných restore testov.,successful restore tests / executed restore tests,ratio,%,restore evidence,event,engineering,Engineering,100,99,0,higher,86400,3650,1,500
metric_actual_rpo,Dosiahnuté RPO,actual_rpo_seconds,"dashboard_backup_dr,dashboard_thousand_users",Nameraná strata času medzi backupom a obnoveným bodom.,restore point gap seconds,gauge,s,restore evidence,event,engineering,Engineering,900,3600,86400,lower,86400,3650,1,510
metric_actual_rto,Dosiahnuté RTO,actual_rto_seconds,"dashboard_backup_dr,dashboard_thousand_users",Nameraný čas úplného izolovaného obnovenia.,restore completion duration seconds,gauge,s,restore evidence,event,engineering,Engineering,3600,7200,14400,lower,86400,3650,1,520
metric_signups,Dokončené registrácie,account_signups,"dashboard_product_funnel,dashboard_founder",Počet úspešne dokončených registrácií v období.,count account_signed_up,counter,count,product events,day,customer_success,Product,0,0,0,higher,86400,1095,1,530
metric_email_verification,Email verification rate,email_verification_rate,"dashboard_product_funnel",Podiel nových účtov ktoré úspešne overili email.,verified accounts / eligible signed-up accounts,ratio,%,product aggregates,day,customer_success,Product,90,75,50,higher,86400,1095,1,540
metric_tenant_creation,Tenant creation rate,tenant_creation_rate,"dashboard_product_funnel",Podiel overených účtov ktoré vytvorili tenant.,created tenants / eligible verified accounts,ratio,%,product aggregates,day,customer_success,Product,90,75,50,higher,86400,1095,1,550
metric_onboarding_completion,Onboarding completion rate,onboarding_completion_rate,"dashboard_product_funnel,dashboard_tenant_health",Podiel začatých onboardingov dokončených v limite.,completed onboarding / started onboarding,ratio,%,product aggregates,day,customer_success,Product,80,60,40,higher,86400,1095,1,560
metric_first_core_action,Prvá core action rate,first_core_action_rate,"dashboard_product_funnel,dashboard_tenant_health",Podiel nových tenantov s prvou úspešnou core action.,tenants with first core action / eligible new tenants,ratio,%,product aggregates,day,customer_success,Product,70,50,30,higher,86400,1095,1,570
metric_trial_to_paid,Trial-to-paid conversion,trial_to_paid_rate,"dashboard_product_funnel,dashboard_revenue_billing",Podiel ukončených trial tenantov ktoré začali platenú subscription.,paid trials / eligible ended trials,ratio,%,billing aggregates,day,finance,Finance,25,15,5,higher,86400,3650,1,580
metric_ttv_p50,Time to value p50,time_to_value_p50_seconds,"dashboard_product_funnel,dashboard_tenant_health",Medián času od vytvorenia tenantu po prvú úspešnú core action.,median first core action time - tenant creation time,duration,s,product aggregates,day,customer_success,Product,3600,86400,259200,lower,86400,1095,1,590
metric_ttv_p90,Time to value p90,time_to_value_p90_seconds,"dashboard_product_funnel,dashboard_tenant_health",90. percentil času od vytvorenia tenantu po prvú úspešnú core action.,p90 first core action time - tenant creation time,duration,s,product aggregates,day,customer_success,Product,86400,259200,604800,lower,86400,1095,1,600
metric_funnel_failure,Funnel technical failure rate,funnel_technical_failure_rate,"dashboard_product_funnel,dashboard_live_operations",Podiel funnel krokov zlyhaných technickou chybou.,technical step failures / eligible funnel attempts,ratio,%,product events,5m,engineering,Engineering,0,1,5,lower,300,730,1,610
metric_dau,DAU,dau,"dashboard_engagement,dashboard_founder",Používatelia so zmysluplnou akciou v daný deň.,distinct users with meaningful action,gauge,count,product aggregates,day,customer_success,Product,0,0,0,higher,86400,1095,1,620
metric_wau,WAU,wau,"dashboard_engagement,dashboard_founder",Používatelia so zmysluplnou akciou za sedem dní.,distinct users with meaningful action in 7 days,gauge,count,product aggregates,day,customer_success,Product,0,0,0,higher,86400,1095,1,630
metric_dau_mau,DAU / MAU,dau_mau_ratio,"dashboard_engagement",Denní aktívni používatelia delené mesačnými aktívnymi používateľmi.,DAU / MAU,ratio,%,product aggregates,day,customer_success,Product,30,15,5,higher,86400,1095,1,640
metric_core_actions_user,Core actions na aktívneho používateľa,core_actions_per_active_user,"dashboard_engagement,dashboard_tenant_health",Priemerný počet core actions na zmysluplne aktívneho používateľa.,core actions / active users,ratio,count,product aggregates,day,customer_success,Product,1,0.5,0.1,higher,86400,1095,1,650
metric_feature_adoption,Feature adoption,feature_adoption_rate,"dashboard_engagement,dashboard_tenant_health",Oprávnení aktívni tenanti používajúci feature.,eligible active tenants using feature / eligible active tenants,ratio,%,product aggregates,day,customer_success,Product,40,20,5,higher,86400,1095,1,660
metric_retention_d7,D7 retention,retention_d7,"dashboard_engagement",Podiel oprávnenej kohorty aktívnej siedmy deň.,cohort active day 7 / eligible original cohort,ratio,%,product aggregates,day,customer_success,Product,60,40,20,higher,86400,1095,1,670
metric_dormant_tenants,Dormant tenanti,dormant_tenants,"dashboard_engagement,dashboard_tenant_health",Aktívne zmluvné tenanty bez zmysluplnej akcie po stanovenom limite.,count active tenants past inactivity limit,gauge,count,product aggregates,day,customer_success,Customer Success,0,1,10,lower,86400,1095,1,680
metric_reactivation,Reactivation rate,tenant_reactivation_rate,"dashboard_engagement,dashboard_tenant_health",Podiel dormant tenantov ktorí sa vrátili k zmysluplnej aktivite.,reactivated dormant tenants / eligible dormant tenants,ratio,%,product aggregates,day,customer_success,Customer Success,20,10,2,higher,86400,1095,1,690
metric_active_seats,Aktívne seats,active_seats,"dashboard_engagement,dashboard_tenant_health",Počet platených seats so zmysluplne aktívnym používateľom.,distinct active paid seats,gauge,count,product aggregates,day,customer_success,Customer Success,0,0,0,higher,86400,1095,1,700
metric_seat_utilization,Seat utilization,seat_utilization,"dashboard_engagement,dashboard_tenant_health,dashboard_revenue_billing",Aktívne seats delené zakúpenými seats.,active seats / purchased seats,ratio,%,product aggregates,day,customer_success,Customer Success,75,50,25,higher,86400,1095,1,710
metric_tenant_health_score,Tenant health score,tenant_health_score,"dashboard_tenant_health,dashboard_founder",Vážené usage reliability billing support a admin zdravie tenantu.,versioned weighted tenant health formula,gauge,score,tenant daily,day,customer_success,Customer Success,80,60,40,higher,86400,1095,1,720
metric_at_risk_tenants,At-risk tenanti,at_risk_tenants,"dashboard_tenant_health,dashboard_founder",Počet tenantov v stave at risk alebo critical.,count tenants health in at risk or critical,gauge,count,tenant daily,day,customer_success,Customer Success,0,1,5,lower,86400,1095,1,730
metric_usage_drop,Usage pokles 30 dní,tenant_usage_drop_30d,"dashboard_tenant_health",Percentuálny pokles core actions tenantu oproti predchádzajúcim 30 dňom.,(previous core actions - current core actions) / previous core actions,ratio,%,tenant daily,day,customer_success,Customer Success,0,25,50,lower,86400,1095,1,740
metric_tenant_error,Tenant error rate,tenant_error_rate,"dashboard_tenant_health",Podiel zlyhaných eligible operácií konkrétneho tenant scope.,tenant failed operations / tenant eligible operations,ratio,%,tenant daily,day,support,Support,0,1,5,lower,86400,1095,1,750
metric_tenant_p95,Tenant latency p95,tenant_p95_seconds,"dashboard_tenant_health",95. percentil latency pre konkrétny tenant scope.,tenant operation histogram quantile 0.95,duration,s,tenant daily,day,support,Support,1,3,10,lower,86400,1095,1,760
metric_failed_invoices,Tenanti s failed invoice,tenants_with_failed_invoice,"dashboard_tenant_health,dashboard_revenue_billing",Počet tenantov s nevyriešenou neúspešnou faktúrou.,count tenants with unresolved failed invoice,gauge,count,billing aggregates,day,finance,Finance,0,1,5,lower,86400,3650,1,770
metric_open_support_tickets,Otvorené support tickety,open_support_tickets,"dashboard_tenant_health,dashboard_support_voice",Počet nevyriešených support ticketov.,count open support tickets,gauge,count,Odoo support,day,support,Support,0,10,50,lower,86400,3650,1,780
metric_net_new_mrr,Net new MRR,net_new_mrr,"dashboard_revenue_billing,dashboard_founder",Nové expansion a reactivation MRR mínus contraction a churn.,new + expansion + reactivation - contraction - churn,money,EUR,billing aggregates,month,finance,Finance,0,0,0,higher,86400,3650,1,790
metric_grr,GRR,grr,"dashboard_revenue_billing,dashboard_founder",Revenue retention bez expansion.,(starting MRR - churn - contraction) / starting MRR,ratio,%,billing aggregates,month,finance,Finance,95,85,75,higher,86400,3650,1,800
metric_failed_payment_value,Failed payment value,failed_payment_value,"dashboard_revenue_billing,dashboard_founder",Suma nevyriešených neúspešných platobných pokusov.,sum unresolved failed payment amount,money,EUR,billing provider,day,finance,Finance,0,100,1000,lower,86400,3650,1,810
metric_billing_reconciliation,Billing reconciliation difference,billing_reconciliation_difference,"dashboard_revenue_billing,dashboard_data_quality",Absolútna odchýlka medzi subscription usage faktúrou a providerom.,absolute reconciled billing source difference,money,EUR,reconciliation,day,finance,Finance,0,0.01,1,lower,86400,3650,1,820
metric_support_backlog,Support backlog,support_backlog,"dashboard_support_voice,dashboard_tenant_health",Počet otvorených ticketov čakajúcich na ďalší krok.,count unresolved support tickets,gauge,count,Odoo support,day,support,Support,0,20,100,lower,86400,3650,1,830
metric_first_response_p95,First response p95,support_first_response_p95_seconds,"dashboard_support_voice",95. percentil času po prvú support odpoveď.,histogram quantile 0.95 first response duration,duration,s,Odoo support,day,support,Support,14400,28800,86400,lower,86400,3650,1,840
metric_resolution_p95,Resolution time p95,support_resolution_p95_seconds,"dashboard_support_voice",95. percentil času do vyriešenia support ticketu.,histogram quantile 0.95 resolution duration,duration,s,Odoo support,day,support,Support,86400,259200,604800,lower,86400,3650,1,850
metric_support_sla,Support SLA attainment,support_sla_attainment,"dashboard_support_voice,dashboard_tenant_health",Podiel ticketov vyriešených v dohodnutom SLA.,tickets within SLA / eligible tickets,ratio,%,Odoo support,day,support,Support,95,90,80,higher,86400,3650,1,860
metric_csat,CSAT,csat,"dashboard_support_voice,dashboard_tenant_health",Priemerné zákaznícke hodnotenie z platných odpovedí.,sum valid CSAT scores / valid responses,gauge,score,Odoo support,day,support,Support,4.5,4,3,higher,86400,3650,1,870
metric_reopen_rate,Ticket reopen rate,support_reopen_rate,"dashboard_support_voice",Podiel vyriešených ticketov ktoré boli znovu otvorené.,reopened tickets / resolved tickets,ratio,%,Odoo support,day,support,Support,0,5,15,lower,86400,3650,1,880
metric_cost_active_user,Náklad na aktívneho používateľa,cost_per_active_user,"dashboard_finops,dashboard_founder",Prevádzkové náklady delené aktívnymi používateľmi.,total operational cost / active users,money,EUR,cost daily,day,finance,Finance,0,0,0,lower,86400,3650,1,890
metric_cost_request,Náklad na request,cost_per_request,"dashboard_finops,dashboard_api_backend",Priradené prevádzkové náklady delené eligible requestmi.,attributed operational cost / eligible requests,money,EUR,cost daily,day,finance,Finance,0,0,0,lower,86400,3650,1,900
metric_cost_core_action,Náklad na core action,cost_per_core_action,"dashboard_finops,dashboard_founder",Priradené prevádzkové náklady delené úspešnými core actions.,attributed operational cost / successful core actions,money,EUR,cost daily,day,finance,Finance,0,0,0,lower,86400,3650,1,910
metric_budget_utilization,Budget utilization,budget_utilization,"dashboard_finops,dashboard_founder",Aktuálny spend delený schváleným rozpočtom.,actual spend / approved budget,ratio,%,cost daily,day,finance,Finance,80,90,100,lower,86400,3650,1,920
metric_cost_forecast,Forecast month end,forecast_month_end_cost,"dashboard_finops,dashboard_founder",Odhad nákladov na konci mesiaca z aktuálneho tempa.,versioned forecast from daily spend,money,EUR,cost daily,day,finance,Finance,0,0,0,lower,86400,3650,1,930
metric_cost_anomaly,Cost anomaly index,cost_anomaly_index,"dashboard_finops",Normalizovaná odchýlka denného spendu od očakávaného pásma.,absolute spend deviation / expected standard deviation,gauge,score,cost daily,day,finance,Finance,0,2,4,lower,86400,3650,1,940
metric_waste_cost,Identifikovaný waste,waste_cost,"dashboard_finops",Náklady označené ako nevyužité alebo zbytočné.,sum approved waste findings,money,EUR,cost daily,day,finance,Finance,0,100,1000,lower,86400,3650,1,950
metric_login_failure,Login failure rate,login_failure_rate,"dashboard_security,dashboard_live_operations",Podiel neúspešných login pokusov.,failed login attempts / eligible login attempts,ratio,%,security daily,5m,security,Security,0,10,30,lower,300,3650,1,960
metric_brute_force,Brute-force detections,brute_force_detections,"dashboard_security",Počet potvrdených brute-force detekcií.,count confirmed brute-force detections,counter,count,security daily,5m,security,Security,0,1,5,lower,300,3650,1,970
metric_mfa_adoption,MFA adoption,mfa_adoption,"dashboard_security",Podiel oprávnených používateľov s aktívnym MFA.,users with MFA / eligible users,ratio,%,security daily,day,security,Security,80,50,20,higher,86400,3650,1,980
metric_access_denied,Access denied events,access_denied_count,"dashboard_security",Počet serverom odmietnutých authorization kontrol.,count authorization denials,counter,count,security daily,5m,security,Security,0,50,500,lower,300,3650,1,990
metric_cross_tenant_denied,Cross-tenant access denied,cross_tenant_access_denied,"dashboard_security,dashboard_founder",Počet bezpečne odmietnutých cross-tenant pokusov.,count cross-tenant authorization denials,counter,count,security daily,5m,security,Security,0,1,10,lower,300,3650,1,1000
metric_cross_tenant_exposure,Potvrdený cross-tenant únik,confirmed_cross_tenant_exposure,"dashboard_security,dashboard_founder,dashboard_slo_incidents",Počet potvrdených neoprávnených cross-tenant čítaní alebo zápisov.,count confirmed cross-tenant exposure incidents,counter,count,security incidents,event,security,Security,0,0,1,lower,60,3650,1,1010
metric_critical_vulnerabilities,Kritické vulnerabilities,critical_vulnerability_count,"dashboard_security,dashboard_engineering",Počet nevyriešených kritických supply-chain vulnerabilities.,count open critical vulnerabilities,gauge,count,dependency audit,day,security,Security,0,1,2,lower,86400,3650,1,1020
metric_secret_findings,Secret scan findings,secret_scan_finding_count,"dashboard_security,dashboard_engineering",Počet nevyriešených nálezov secret scanu.,count unresolved secret findings,gauge,count,secret scan,day,security,Security,0,1,2,lower,86400,3650,1,1030
metric_patch_age,Security patch age,security_patch_age_days,"dashboard_security",Vek najstaršej kritickej opravy po SLA.,days since overdue critical patch,gauge,days,security governance,day,security,Security,0,7,30,lower,86400,3650,1,1040
metric_audit_coverage,Audit log coverage,audit_log_coverage,"dashboard_security,dashboard_data_quality",Podiel definovaných citlivých mutácií s audit eventom.,audited sensitive mutation types / required mutation types,ratio,%,security governance,day,security,Security,100,95,80,higher,86400,3650,1,1050
metric_peak_rps,Peak RPS,peak_rps,"dashboard_infrastructure,dashboard_thousand_users",Najvyššie udržateľné request tempo v období.,max stable eligible request rate,gauge,rps,capacity daily,day,engineering,Engineering,0,0,0,neutral,86400,730,1,1060
metric_tested_users,Testovaní concurrent users,tested_concurrent_users,"dashboard_thousand_users,dashboard_infrastructure",Najvyšší overený bezpečný concurrent workload.,max verified concurrent users,gauge,count,load test evidence,event,engineering,Engineering,1000,500,100,higher,86400,3650,1,1070
metric_capacity_headroom,Capacity headroom,capacity_headroom,"dashboard_thousand_users,dashboard_infrastructure,dashboard_founder",Rozdiel medzi bezpečne testovanou kapacitou a aktuálnym peakom.,(tested safe capacity - current peak) / tested safe capacity,ratio,%,capacity daily,day,engineering,Engineering,50,25,10,higher,86400,730,1,1080
metric_db_headroom,DB connection headroom,db_connection_headroom,"dashboard_thousand_users,dashboard_database,dashboard_infrastructure",Voľná časť schváleného PostgreSQL connection budgetu.,(connection budget - peak use) / connection budget,ratio,%,capacity daily,day,engineering,Engineering,40,20,10,higher,86400,730,1,1090
metric_storage_days,Storage days to full,storage_days_to_full,"dashboard_infrastructure,dashboard_thousand_users,dashboard_backup_dr",Odhad dní do zaplnenia storage z trendu rastu.,remaining bytes / daily growth bytes,gauge,days,capacity daily,day,engineering,Engineering,90,30,7,higher,86400,730,1,1100
metric_load_test_age,Vek posledného load testu,load_test_age_days,"dashboard_thousand_users,dashboard_engineering",Dni od posledného reprezentatívneho load testu aktuálnej architektúry.,today - last representative load test date,gauge,days,load test evidence,day,engineering,Engineering,0,30,90,lower,86400,3650,1,1110
metric_capacity_readiness,1 000-user readiness,capacity_readiness_status,"dashboard_thousand_users,dashboard_founder",Stav posledného reprezentatívneho capacity testu.,READY=1 READY WITH RISK=0.66 TEST STALE=0.33 NOT READY=0,status,status,load test evidence,event,engineering,Engineering,1,0.66,0.33,higher,86400,3650,1,1120
metric_deployment_frequency,Deployment frequency,deployment_frequency,"dashboard_engineering",Počet produkčných deployov za deň.,production deployments / calendar days,ratio,deployments/day,CI CD,day,engineering,Engineering,0,0,0,neutral,86400,3650,1,1130
metric_lead_time,Lead time for changes,lead_time_for_changes_seconds,"dashboard_engineering",Medián času od prijatia zmeny po úspešný produkčný deploy.,median production deploy time - change accepted time,duration,s,CI CD,day,engineering,Engineering,86400,259200,604800,lower,86400,3650,1,1140
metric_change_failure,Change failure rate,change_failure_rate,"dashboard_engineering,dashboard_founder",Podiel deployov spôsobujúcich incident alebo rollback.,deployments causing incident or rollback / production deployments,ratio,%,CI CD,day,engineering,Engineering,0,10,25,lower,86400,3650,1,1150
metric_mttr,Time to restore service,time_to_restore_service_seconds,"dashboard_engineering,dashboard_slo_incidents",Medián času od incidentu po obnovenie služby.,median resolved at - detected at,duration,s,Odoo incidents,day,engineering,Engineering,3600,14400,86400,lower,86400,3650,1,1160
metric_rollback_rate,Rollback rate,release_rollback_rate,"dashboard_engineering",Podiel produkčných deployov ktoré boli rollbacknuté.,rolled back deployments / production deployments,ratio,%,CI CD,day,engineering,Engineering,0,5,15,lower,86400,3650,1,1170
metric_build_success,Build success rate,build_success_rate,"dashboard_engineering",Podiel ukončených CI buildov s úspechom.,successful builds / completed builds,ratio,%,CI CD,day,engineering,Engineering,99,95,90,higher,86400,3650,1,1180
metric_flaky_tests,Flaky tests,flaky_test_count,"dashboard_engineering",Počet testov potvrdených ako flaky a nevyriešených.,count unresolved flaky tests,gauge,count,CI CD,day,engineering,Engineering,0,1,10,lower,86400,3650,1,1190
metric_escaped_defects,Escaped defects,escaped_defect_count,"dashboard_engineering,dashboard_support_voice",Produkčné defekty ktoré prešli release gates.,count production defects attributable to release,counter,count,incidents and support,month,engineering,Engineering,0,1,5,lower,86400,3650,1,1200
metric_ai_incident,AI-assisted release incident rate,ai_assisted_release_incident_rate,"dashboard_engineering",Podiel AI-assisted releasov spôsobujúcich incident.,AI-assisted releases causing incident / AI-assisted releases,ratio,%,CI CD,month,engineering,Engineering,0,5,15,lower,86400,3650,1,1210
metric_ai_review,AI change human review coverage,ai_change_human_review_coverage,"dashboard_engineering",Podiel AI-assisted zmien s požadovaným ľudským review.,reviewed AI-assisted changes / AI-assisted changes,ratio,%,CI CD,day,engineering,Engineering,100,95,80,higher,86400,3650,1,1220
metric_lcp_p75,LCP p75,frontend_lcp_p75_seconds,"dashboard_frontend,dashboard_founder",75. percentil Largest Contentful Paint zo súhlasných anonymizovaných sessions.,histogram quantile 0.75 LCP,duration,s,frontend RUM,5m,general,Product,2.5,4,6,lower,300,730,1,1230
metric_inp_p75,INP p75,frontend_inp_p75_seconds,"dashboard_frontend",75. percentil Interaction to Next Paint.,histogram quantile 0.75 INP,duration,s,frontend RUM,5m,general,Product,0.2,0.5,1,lower,300,730,1,1240
metric_cls_p75,CLS p75,frontend_cls_p75,"dashboard_frontend",75. percentil Cumulative Layout Shift.,histogram quantile 0.75 CLS,gauge,score,frontend RUM,5m,general,Product,0.1,0.25,0.5,lower,300,730,1,1250
metric_ttfb_p95,TTFB p95,frontend_ttfb_p95_seconds,"dashboard_frontend,dashboard_api_backend",95. percentil času po prvý byte.,histogram quantile 0.95 TTFB,duration,s,frontend RUM,5m,engineering,Engineering,0.8,1.8,3,lower,300,730,1,1260
metric_route_transition,Route transition p95,frontend_route_transition_p95_seconds,"dashboard_frontend",95. percentil času navigácie po použiteľný view.,histogram quantile 0.95 route transition,duration,s,frontend RUM,5m,general,Product,1,3,8,lower,300,730,1,1270
metric_js_error,JavaScript error rate,frontend_js_error_rate,"dashboard_frontend,dashboard_live_operations",Podiel sessions s uncaught JavaScript chybou.,sessions with JS error / eligible sessions,ratio,%,frontend RUM,5m,engineering,Engineering,0,1,5,lower,300,730,1,1280
metric_crash_free,Crash-free sessions,crash_free_sessions,"dashboard_frontend,dashboard_founder",Podiel sessions bez fatal frontend zlyhania.,sessions without crash / eligible sessions,ratio,%,frontend RUM,5m,general,Product,99.9,99,95,higher,300,730,1,1290
metric_blank_screen,Blank-screen rate,blank_screen_rate,"dashboard_frontend",Podiel sessions kde sa nepodarilo zobraziť hlavný aplikačný shell.,blank screen sessions / eligible sessions,ratio,%,synthetic and RUM,5m,engineering,Engineering,0,0.1,1,lower,300,730,1,1300
metric_chunk_failure,Failed chunk load rate,failed_chunk_load_rate,"dashboard_frontend",Podiel dynamických chunk loadov ktoré zlyhali.,failed chunk loads / attempted chunk loads,ratio,%,frontend RUM,5m,engineering,Engineering,0,0.1,1,lower,300,730,1,1310
metric_synthetic_success,Synthetic success rate,synthetic_success_rate,"dashboard_frontend,dashboard_live_operations,dashboard_slo_incidents",Podiel kompletných synthetic journeys s úspechom.,successful synthetic journeys / executed journeys,ratio,%,synthetic monitor,5m,general,Engineering,100,99,95,higher,300,730,1,1320
metric_synthetic_p95,Synthetic journey p95,synthetic_journey_p95_seconds,"dashboard_frontend,dashboard_live_operations",95. percentil kompletného synthetic login core-action save logout journey.,histogram quantile 0.95 synthetic duration,duration,s,synthetic monitor,5m,engineering,Engineering,30,60,120,lower,300,730,1,1330
metric_cache_invalidation,Cache invalidation lag,cache_invalidation_lag_seconds,"dashboard_cache_cdn_search",95. percentil času od zmeny po invalidáciu relevantnej cache.,histogram quantile 0.95 invalidation lag,duration,s,cache hourly,hour,engineering,Engineering,5,30,300,lower,3600,730,1,1340
metric_stale_served,Stale cache served,stale_cache_served_count,"dashboard_cache_cdn_search,dashboard_security",Počet potvrdených stale objektov obslúžených mimo povolenej politiky.,count invalid stale responses,counter,count,cache hourly,hour,security,Security,0,1,10,lower,3600,730,1,1350
metric_cache_evictions,Cache evictions,cache_evicted_keys,"dashboard_cache_cdn_search,dashboard_infrastructure",Počet cache kľúčov evictnutých pre nedostatok kapacity.,count evicted keys,counter,count,cache hourly,hour,engineering,Engineering,0,100,1000,lower,3600,730,1,1360
metric_cdn_hit,CDN hit ratio,cdn_hit_ratio,"dashboard_cache_cdn_search,dashboard_finops",Podiel CDN requestov obslúžených edge cache.,CDN hits / CDN requests,ratio,%,CDN provider,hour,engineering,Engineering,90,75,50,higher,3600,730,1,1370
metric_cdn_origin_p95,CDN origin latency p95,cdn_origin_p95_seconds,"dashboard_cache_cdn_search",95. percentil CDN origin latency.,histogram quantile 0.95 origin latency,duration,s,CDN provider,hour,engineering,Engineering,0.5,1,3,lower,3600,730,1,1380
metric_cdn_egress,CDN egress,cdn_egress_bytes,"dashboard_cache_cdn_search,dashboard_finops",Objem dát odoslaných cez CDN.,sum CDN egress bytes,gauge,bytes,CDN provider,day,finance,Finance,0,0,0,lower,86400,3650,1,1390
metric_search_count,Search count,search_query_count,"dashboard_cache_cdn_search,dashboard_engagement",Počet vykonaných vyhľadávaní bez ukladania raw výrazov.,count search_performed events,counter,count,product events,hour,customer_success,Product,0,0,0,neutral,3600,730,1,1400
metric_search_p95,Search latency p95,search_latency_p95_seconds,"dashboard_cache_cdn_search",95. percentil search request latency.,histogram quantile 0.95 search latency,duration,s,search metrics,hour,engineering,Engineering,0.5,1,3,lower,3600,730,1,1410
metric_search_error,Search error rate,search_error_rate,"dashboard_cache_cdn_search",Podiel vyhľadávaní ukončených technickou chybou.,failed searches / eligible searches,ratio,%,search metrics,hour,engineering,Engineering,0,1,5,lower,3600,730,1,1420
metric_zero_results,Zero-result rate,search_zero_result_rate,"dashboard_cache_cdn_search,dashboard_product_funnel",Podiel bezpečne agregovaných vyhľadávaní bez výsledku.,zero-result searches / eligible searches,ratio,%,search aggregates,day,customer_success,Product,0,20,50,lower,86400,730,1,1430
metric_search_index_freshness,Search index freshness,search_index_freshness_seconds,"dashboard_cache_cdn_search,dashboard_data_quality",Vek najstaršej oprávnenej zmeny ešte nezahrnutej v indexe.,now - oldest unindexed eligible change,gauge,s,search indexer,5m,engineering,Engineering,0,300,3600,lower,300,730,1,1440
metric_visitors,Website visitors,website_visitors,"dashboard_marketing_sales,dashboard_product_funnel",Anonymizovaní oprávnení návštevníci webu v období.,distinct consented visitor hashes,gauge,count,marketing analytics,day,customer_success,Marketing,0,0,0,higher,86400,1095,1,1450
metric_landing_conversion,Landing conversion,landing_page_conversion,"dashboard_marketing_sales",Podiel oprávnených návštev landing page ktorí začali signup.,signup starts / eligible landing visitors,ratio,%,marketing analytics,day,customer_success,Marketing,10,5,1,higher,86400,1095,1,1460
metric_cost_per_lead,Cost per lead,cost_per_lead,"dashboard_marketing_sales,dashboard_finops",Marketing spend delený platnými leadmi.,attributed marketing spend / valid leads,money,EUR,marketing cost aggregates,day,finance,Marketing,0,0,0,lower,86400,3650,1,1470
metric_cost_per_signup,Cost per signup,cost_per_signup,"dashboard_marketing_sales,dashboard_finops",Marketing spend delený dokončenými registráciami.,attributed marketing spend / completed signups,money,EUR,marketing cost aggregates,day,finance,Marketing,0,0,0,lower,86400,3650,1,1480
metric_cost_per_activation,Cost per activated tenant,cost_per_activated_tenant,"dashboard_marketing_sales,dashboard_finops",Marketing spend delený aktivovanými tenantmi.,attributed marketing spend / activated tenants,money,EUR,marketing cost aggregates,day,finance,Marketing,0,0,0,lower,86400,3650,1,1490
metric_cac,CAC,customer_acquisition_cost,"dashboard_marketing_sales,dashboard_finops,dashboard_founder",Plne priradené sales a marketing náklady na nového platiaceho zákazníka.,attributed acquisition cost / new paying customers,money,EUR,finance aggregates,month,finance,Finance,0,0,0,lower,86400,3650,1,1500
metric_roas,ROAS,return_on_ad_spend,"dashboard_marketing_sales",Priradený revenue delený reklamnými nákladmi.,attributed revenue / ad spend,ratio,ratio,marketing aggregates,month,finance,Marketing,3,1.5,1,higher,86400,3650,1,1510
metric_unknown_source,Unknown attribution rate,unknown_acquisition_source_rate,"dashboard_marketing_sales,dashboard_data_quality",Podiel nových oprávnených leadov bez zdroja akvizície.,leads with unknown source / eligible leads,ratio,%,marketing analytics,day,customer_success,Marketing,0,10,30,lower,86400,1095,1,1520
metric_crm_win,CRM win rate,crm_win_rate,"dashboard_marketing_sales,dashboard_founder",Podiel uzatvorených opportunities vyhraných.,won opportunities / closed opportunities,ratio,%,Odoo CRM,month,customer_success,Sales,30,15,5,higher,86400,3650,1,1530
metric_pipeline_value,Weighted pipeline,weighted_pipeline_value,"dashboard_marketing_sales,dashboard_founder",Súčet opportunity value násobený pravdepodobnosťou.,sum opportunity value * probability,money,EUR,Odoo CRM,day,finance,Sales,0,0,0,higher,86400,3650,1,1540
metric_sales_cycle,Median sales cycle,median_sales_cycle_days,"dashboard_marketing_sales",Medián dní od kvalifikovaného leadu po uzatvorenie.,median won at - qualified at,duration,days,Odoo CRM,month,customer_success,Sales,30,60,120,lower,86400,3650,1,1550
metric_pql_paid,PQL-to-paid conversion,pql_to_paid_rate,"dashboard_marketing_sales,dashboard_product_funnel",Podiel product-qualified leads ktoré začali platiť.,paid PQL / eligible PQL,ratio,%,product and CRM aggregates,month,customer_success,Sales,30,15,5,higher,86400,3650,1,1560
metric_email_delivery,Email delivery rate,email_delivery_rate,"dashboard_marketing_sales",Podiel marketing emailov prijatých providerom bez bounce.,delivered emails / sent emails,ratio,%,email provider,day,customer_success,Marketing,98,95,90,higher,86400,1095,1,1570
metric_email_complaint,Email complaint rate,email_complaint_rate,"dashboard_marketing_sales,dashboard_security",Podiel doručených emailov označených ako spam.,complaints / delivered emails,ratio,%,email provider,day,security,Marketing,0,0.1,0.3,lower,86400,1095,1,1580
metric_pii_fields,PII fields,pii_field_count,"dashboard_privacy",Počet klasifikovaných polí obsahujúcich osobné údaje.,count classified PII fields,gauge,count,data inventory,day,security,Privacy,0,0,0,neutral,86400,3650,1,1590
metric_unclassified_fields,Neklasifikované dátové polia,unclassified_data_field_count,"dashboard_privacy,dashboard_data_quality",Počet dátových polí bez schválenej klasifikácie.,count unclassified fields,gauge,count,data inventory,day,security,Privacy,0,1,10,lower,86400,3650,1,1600
metric_dsr_open,Otvorené data-subject requests,open_data_subject_requests,"dashboard_privacy",Počet nevybavených export correction alebo deletion žiadostí.,count open DSR,gauge,count,privacy workflow,day,security,Privacy,0,1,10,lower,86400,3650,1,1610
metric_dsr_overdue,DSR po SLA,overdue_data_subject_requests,"dashboard_privacy,dashboard_founder",Počet data-subject requests po právnom SLA.,count DSR past approved deadline,gauge,count,privacy workflow,day,security,Privacy,0,1,2,lower,86400,3650,1,1620
metric_dsr_completion,DSR completion time p95,dsr_completion_p95_seconds,"dashboard_privacy",95. percentil času vybavenia data-subject request.,histogram quantile 0.95 DSR completion,duration,s,privacy workflow,day,security,Privacy,0,1728000,2505600,lower,86400,3650,1,1630
metric_retention_overdue,Záznamy po retention limite,records_past_retention_limit,"dashboard_privacy,dashboard_data_quality",Počet záznamov po schválenom retention limite.,count records past retention policy,gauge,count,retention jobs,day,security,Privacy,0,1,100,lower,86400,3650,1,1640
metric_retention_failure,Retention job failures,retention_job_failure_count,"dashboard_privacy,dashboard_data_quality",Počet zlyhaných retention behov.,count failed retention runs,counter,count,retention jobs,day,security,Privacy,0,1,3,lower,86400,3650,1,1650
metric_consent_rate,Consent rate,tracking_consent_rate,"dashboard_privacy,dashboard_marketing_sales",Podiel oprávnených používateľov s platným tracking consentom.,valid consent records / eligible users,ratio,%,consent registry,day,security,Privacy,0,0,0,neutral,86400,3650,1,1660
metric_tracking_without_consent,Tracking bez consentu,tracking_without_valid_consent,"dashboard_privacy,dashboard_security",Počet potvrdených tracking eventov bez platného consentu.,count confirmed invalid-consent tracking events,counter,count,privacy audit,day,security,Privacy,0,1,2,lower,86400,3650,1,1670
metric_access_review,Access review completion,access_review_completion,"dashboard_privacy,dashboard_security",Podiel plánovaných access reviews dokončených v termíne.,completed access reviews / scheduled reviews,ratio,%,governance,month,security,Security,100,95,80,higher,86400,3650,1,1680
metric_subprocessor_review,Subprocessor review compliance,subprocessor_review_compliance,"dashboard_privacy",Podiel aktívnych subprocessorov s platným review.,approved subprocessors / active subprocessors,ratio,%,governance,month,security,Privacy,100,95,80,higher,86400,3650,1,1690
metric_ai_requests,AI requests,ai_request_count,"dashboard_ai_llm,dashboard_finops",Počet AI požiadaviek bez raw promptov alebo odpovedí.,count AI requests,counter,count,AI gateway,hour,engineering,Product,0,0,0,neutral,3600,730,1,1700
metric_ai_success,AI success rate,ai_request_success_rate,"dashboard_ai_llm",Podiel AI požiadaviek ukončených platným výsledkom.,successful AI requests / eligible AI requests,ratio,%,AI gateway,hour,engineering,Product,99,95,85,higher,3600,730,1,1710
metric_ai_latency,AI latency p95,ai_latency_p95_seconds,"dashboard_ai_llm,dashboard_dependencies",95. percentil celkového AI request času.,histogram quantile 0.95 AI duration,duration,s,AI gateway,hour,engineering,Product,10,30,60,lower,3600,730,1,1720
metric_ai_input_tokens,AI input tokens,ai_input_token_count,"dashboard_ai_llm,dashboard_finops",Počet fakturovateľných input tokenov bez obsahu promptu.,sum input tokens,counter,count,AI gateway,day,finance,Product,0,0,0,lower,86400,3650,1,1730
metric_ai_output_tokens,AI output tokens,ai_output_token_count,"dashboard_ai_llm,dashboard_finops",Počet fakturovateľných output tokenov bez obsahu odpovede.,sum output tokens,counter,count,AI gateway,day,finance,Product,0,0,0,lower,86400,3650,1,1740
metric_ai_cost,AI cost,ai_cost,"dashboard_ai_llm,dashboard_finops",Priradený provider cost AI funkcií.,sum provider AI cost,money,EUR,AI billing,day,finance,Finance,0,0,0,lower,86400,3650,1,1750
metric_ai_completion,AI task completion,ai_task_completion_rate,"dashboard_ai_llm",Podiel hodnotených AI tasks dokončených podľa kontraktu.,accepted completed tasks / evaluated tasks,ratio,%,AI evaluations,day,customer_success,Product,90,75,50,higher,86400,730,1,1760
metric_ai_regenerate,AI regenerate rate,ai_regenerate_rate,"dashboard_ai_llm",Podiel AI výsledkov pre ktoré používateľ vyžiadal regeneráciu.,regenerated results / eligible results,ratio,%,AI product events,day,customer_success,Product,0,10,30,lower,86400,730,1,1770
metric_ai_tool_success,AI tool-call success,ai_tool_call_success_rate,"dashboard_ai_llm",Podiel povolených tool calls ukončených úspešne.,successful tool calls / eligible tool calls,ratio,%,AI gateway,hour,engineering,Product,99,95,85,higher,3600,730,1,1780
metric_ai_hallucination,Detected hallucination rate,ai_detected_hallucination_rate,"dashboard_ai_llm",Podiel hodnotených vzoriek s potvrdenou halucináciou.,confirmed hallucination samples / evaluated samples,ratio,%,AI evaluations,day,customer_success,Product,0,2,10,lower,86400,730,1,1790
metric_ai_prompt_injection,Prompt injection detections,ai_prompt_injection_detection_count,"dashboard_ai_llm,dashboard_security",Počet detegovaných prompt injection pokusov bez raw promptu.,count prompt injection detections,counter,count,AI safety gateway,hour,security,Security,0,1,10,lower,3600,730,1,1800
metric_ai_sensitive_data,AI sensitive-data detections,ai_sensitive_data_detection_count,"dashboard_ai_llm,dashboard_security",Počet blokovaných citlivých dát v AI vstupe alebo výstupe bez uloženia obsahu.,count sensitive-data detections,counter,count,AI safety gateway,hour,security,Security,0,1,5,lower,3600,730,1,1810
metric_db_readiness_latency,DB readiness latency,db_readiness_latency_seconds,"dashboard_database,dashboard_live_operations",Čas odpovede readiness kontroly vrátane PostgreSQL SELECT 1 a pool roundtripu; nie je to query p95.,ready latencyMs / 1000,duration,s,Arcigy /ready,5m,engineering,Engineering,0.05,0.25,1,lower,300,90,1,1820
metric_worker_uptime,Worker uptime,worker_uptime_seconds,"dashboard_infrastructure,dashboard_live_operations",Uptime práve scrapovaného worker procesu; interpretuje sa spolu s počtom healthy instances a release markerom.,current process uptime,gauge,s,Arcigy /metrics,5m,engineering,Engineering,0,0,0,neutral,300,30,1,1830
metric_project_open_success,Project open success,project_open_success_rate,"dashboard_frontend,dashboard_live_operations,dashboard_slo_incidents",Podiel ukončených privacy-safe project-open journey s výsledkom success.,successful project-open journeys / completed project-open journeys,ratio,%,Arcigy browser journey metrics,5m,engineering,Product,99.9,99,95,higher,300,90,1,1840
metric_project_open_p95,Project open p95,project_open_p95_seconds,"dashboard_frontend,dashboard_live_operations,dashboard_thousand_users",P95 času ukončeného project-open journey cez všetky pevné varianty bez user alebo project labelu.,window histogram p95,duration,s,Arcigy browser journey metrics,5m,engineering,Product,5,15,60,lower,300,90,1,1850
metric_app_data_load_success,App-data load success,app_data_load_success_rate,"dashboard_frontend,dashboard_live_operations",Podiel ukončených app-data-load journey s výsledkom success.,successful app-data-load journeys / completed app-data-load journeys,ratio,%,Arcigy browser journey metrics,5m,engineering,Product,99.9,99,95,higher,300,90,1,1860
metric_app_data_load_p95,App-data load p95,app_data_load_p95_seconds,"dashboard_frontend,dashboard_live_operations",P95 času načítania aplikačných dát cez lokálne network a cache varianty.,window histogram p95,duration,s,Arcigy browser journey metrics,5m,engineering,Product,3,10,30,lower,300,90,1,1870
metric_browser_runtime_errors,Browser runtime errors,browser_runtime_error_count,"dashboard_frontend,dashboard_live_operations",Počet autentifikovaných JS error signálov v scrape okne bez stacku alebo identity.,window JS error delta,counter,count,Arcigy browser runtime metrics,5m,engineering,Engineering,0,1,10,lower,300,90,1,1880
metric_browser_unhandled_rejections,Browser unhandled rejections,browser_unhandled_rejection_count,"dashboard_frontend,dashboard_live_operations",Počet unhandled rejection signálov v scrape okne bez raw exception dát.,window unhandled rejection delta,counter,count,Arcigy browser runtime metrics,5m,engineering,Engineering,0,1,10,lower,300,90,1,1890
metric_browser_long_task_p95,Browser long-task p95,browser_long_task_p95_seconds,"dashboard_frontend,dashboard_thousand_users",P95 dĺžky browser main-thread long tasks v scrape okne.,window long-task histogram p95,duration,s,Arcigy browser runtime metrics,5m,engineering,Product,0.1,0.25,1,lower,300,90,1,1900
metric_browser_memory_p95,Browser memory p95,browser_memory_p95_bytes,"dashboard_frontend,dashboard_thousand_users,dashboard_infrastructure",P95 privacy-safe browser memory samples bez user tenant alebo project labelu.,window browser memory histogram p95,gauge,bytes,Arcigy browser runtime metrics,5m,engineering,Product,1073741824,2147483648,4294967296,lower,300,90,1,1910
metric_ai_pr_count,AI-assisted pull requests,ai_assisted_pr_count,"dashboard_engineering",AI-assisted pull requests merged or closed in the period.,count AI-assisted pull requests,counter,count,AI change control plane,day,engineering,Engineering,0,0,0,neutral,86400,3650,1,1920
metric_ai_pr_diff,AI-assisted PR average diff size,ai_assisted_pr_average_diff_lines,"dashboard_engineering",Average changed lines per AI-assisted pull request without storing code.,total changed lines / AI-assisted pull requests,gauge,lines,AI change control plane,day,engineering,Engineering,300,800,2000,lower,86400,3650,1,1930
metric_ai_changed_files,AI-assisted changed files,ai_assisted_changed_file_count,"dashboard_engineering",Total files changed by AI-assisted pull requests without file names.,sum changed files,counter,count,AI change control plane,day,engineering,Engineering,0,0,0,neutral,86400,3650,1,1940
metric_ai_modules_per_change,AI-assisted modules per change,ai_assisted_modules_touched_per_change,"dashboard_engineering",Average repository modules touched by one AI-assisted change.,total touched modules / AI-assisted changes,gauge,count,AI change control plane,day,engineering,Engineering,2,3,6,lower,86400,3650,1,1950
metric_ai_security_files,AI security-sensitive file touches,ai_assisted_security_sensitive_file_touch_count,"dashboard_engineering,dashboard_security",AI-assisted changes touching security-sensitive files without storing paths.,count changes touching security-sensitive files,counter,count,AI change control plane,day,security,Security,0,1,3,lower,86400,3650,1,1960
metric_ai_billing_files,AI billing file touches,ai_assisted_billing_file_touch_count,"dashboard_engineering,dashboard_security",AI-assisted changes touching billing-sensitive files without storing paths.,count changes touching billing files,counter,count,AI change control plane,day,security,Security,0,1,3,lower,86400,3650,1,1970
metric_ai_auth_files,AI auth file touches,ai_assisted_auth_file_touch_count,"dashboard_engineering,dashboard_security",AI-assisted changes touching authentication or authorization files without storing paths.,count changes touching auth files,counter,count,AI change control plane,day,security,Security,0,1,3,lower,86400,3650,1,1980
metric_ai_db_migrations,AI-created DB migrations,ai_assisted_db_migration_count,"dashboard_engineering,dashboard_database",Database migrations created in AI-assisted changes.,count AI-assisted database migrations,counter,count,AI change control plane,day,engineering,Engineering,0,1,3,lower,86400,3650,1,1990
metric_ai_dependency_proposals,AI dependency proposals,ai_assisted_dependency_proposal_count,"dashboard_engineering,dashboard_security",New dependency proposals from AI-assisted changes.,count proposed dependencies,counter,count,AI change control plane,day,engineering,Engineering,0,0,0,neutral,86400,3650,1,2000
metric_ai_dependency_rejections,Rejected AI dependency proposals,ai_assisted_dependency_rejection_count,"dashboard_engineering,dashboard_security",AI-proposed dependencies rejected during review.,count rejected dependency proposals,counter,count,AI change control plane,day,security,Security,0,1,3,lower,86400,3650,1,2010
metric_ai_tests_added,Tests added by AI-assisted changes,ai_assisted_tests_added_count,"dashboard_engineering",Tests added by AI-assisted changes.,count added tests,counter,count,AI change control plane,day,engineering,Engineering,0,0,0,neutral,86400,3650,1,2020
metric_ai_tests_modified,Tests modified by AI-assisted changes,ai_assisted_tests_modified_count,"dashboard_engineering",Tests modified by AI-assisted changes.,count modified tests,counter,count,AI change control plane,day,engineering,Engineering,0,0,0,neutral,86400,3650,1,2030
metric_ai_tests_deleted,Tests deleted by AI-assisted changes,ai_assisted_tests_deleted_count,"dashboard_engineering",Tests deleted by AI-assisted changes.,count deleted tests,counter,count,AI change control plane,day,engineering,Engineering,0,1,3,lower,86400,3650,1,2040
metric_ai_security_review,AI change security review coverage,ai_change_security_review_coverage,"dashboard_engineering,dashboard_security",Eligible AI-assisted changes with required security review.,security-reviewed eligible AI changes / eligible AI changes,ratio,%,AI change control plane,day,security,Security,100,95,80,higher,86400,3650,1,2050
metric_ai_rollback,AI-assisted release rollback rate,ai_assisted_release_rollback_rate,"dashboard_engineering",AI-assisted releases rolled back after deployment.,rolled back AI-assisted releases / AI-assisted releases,ratio,%,AI change control plane,month,engineering,Engineering,0,5,15,lower,86400,3650,1,2060
metric_ai_hotfix,AI-assisted release hotfix rate,ai_assisted_release_hotfix_rate,"dashboard_engineering",AI-assisted releases requiring a production hotfix.,AI-assisted releases requiring hotfix / AI-assisted releases,ratio,%,AI change control plane,month,engineering,Engineering,0,5,15,lower,86400,3650,1,2070
metric_ai_escaped_defects,AI-assisted escaped defects,ai_assisted_escaped_defect_count,"dashboard_engineering,dashboard_support_voice",Confirmed production defects attributable to AI-assisted changes.,count attributable escaped defects,counter,count,AI change control plane,month,engineering,Engineering,0,1,5,lower,86400,3650,1,2080
metric_ai_authorization_defects,AI-assisted authorization defects,ai_assisted_authorization_defect_count,"dashboard_engineering,dashboard_security",Confirmed authorization defects attributable to AI-assisted changes.,count attributable authorization defects,counter,count,AI change control plane,month,security,Security,0,1,2,lower,86400,3650,1,2090
metric_ai_performance_regressions,AI-assisted performance regressions,ai_assisted_performance_regression_count,"dashboard_engineering",Confirmed performance regressions attributable to AI-assisted changes.,count attributable performance regressions,counter,count,AI change control plane,month,engineering,Engineering,0,1,3,lower,86400,3650,1,2100
metric_ai_query_regressions,AI-assisted query regressions,ai_assisted_query_regression_count,"dashboard_engineering,dashboard_database",Confirmed database query regressions attributable to AI-assisted changes.,count attributable query regressions,counter,count,AI change control plane,month,engineering,Engineering,0,1,3,lower,86400,3650,1,2110
metric_ai_cost_regressions,AI-assisted cost regressions,ai_assisted_cost_regression_count,"dashboard_engineering,dashboard_finops",Confirmed cost regressions attributable to AI-assisted changes.,count attributable cost regressions,counter,count,AI change control plane,month,finance,Engineering,0,1,3,lower,86400,3650,1,2120
metric_ai_reopen_rate,AI-assisted change reopen rate,ai_assisted_change_reopen_rate,"dashboard_engineering",AI-assisted changes reopened after review or deployment.,reopened AI-assisted changes / AI-assisted changes,ratio,%,AI change control plane,month,engineering,Engineering,0,5,15,lower,86400,3650,1,2130
metric_ai_repair_time,AI-assisted change repair p50,ai_assisted_change_repair_p50_seconds,"dashboard_engineering",Median time required to repair confirmed AI-generated defects.,median repaired at - confirmed at,duration,s,AI change control plane,month,engineering,Engineering,3600,14400,86400,lower,86400,3650,1,2140
metric_ai_risk_p95,AI change review risk p95,ai_change_review_risk_p95_score,"dashboard_engineering,dashboard_security",P95 bounded review risk score from sanitized change features.,p95 approved review risk score,gauge,score,AI change control plane,day,security,Security,25,50,75,lower,86400,3650,1,2150
metric_ai_low_risk,AI changes low risk,ai_change_low_risk_count,"dashboard_engineering",AI-assisted changes classified LOW by the approved review policy.,count LOW AI changes,counter,count,AI change control plane,day,engineering,Engineering,0,0,0,neutral,86400,3650,1,2160
metric_ai_medium_risk,AI changes medium risk,ai_change_medium_risk_count,"dashboard_engineering",AI-assisted changes classified MEDIUM by the approved review policy.,count MEDIUM AI changes,counter,count,AI change control plane,day,engineering,Engineering,0,0,0,neutral,86400,3650,1,2170
metric_ai_high_risk,AI changes high risk,ai_change_high_risk_count,"dashboard_engineering,dashboard_security",AI-assisted changes classified HIGH by the approved review policy.,count HIGH AI changes,counter,count,AI change control plane,day,security,Security,0,1,3,lower,86400,3650,1,2180
metric_ai_critical_review,AI changes critical review required,ai_change_critical_review_required_count,"dashboard_engineering,dashboard_security",AI-assisted changes requiring critical human and security review.,count CRITICAL REVIEW REQUIRED changes,counter,count,AI change control plane,day,security,Security,0,1,2,lower,86400,3650,1,2190
metric_deployment_count,Production deployments,deployment_count,"dashboard_engineering,dashboard_live_operations",Completed production deployment attempts in the closed period.,count completed production deployments,counter,count,release control plane,day,engineering,Engineering,0,0,0,neutral,86400,3650,1,2200
metric_deployment_success,Deployment success rate,deployment_success_rate,"dashboard_engineering,dashboard_live_operations",Successful production deployments among completed attempts.,successful production deployments / completed production deployments,ratio,%,release control plane,day,engineering,Engineering,100,95,90,higher,86400,3650,1,2210
metric_deployment_duration,Deployment duration p95,deployment_duration_p95_seconds,"dashboard_engineering",P95 completed production deployment duration.,p95 completed at - started at,duration,s,release control plane,day,engineering,Engineering,600,1800,3600,lower,86400,3650,1,2220
metric_deployment_queue,Deployment queue p95,deployment_queue_p95_seconds,"dashboard_engineering",P95 queue time before production deployment started.,p95 started at - queued at,duration,s,release control plane,day,engineering,Engineering,60,300,900,lower,86400,3650,1,2230
metric_deployment_change_failures,Deployments causing incident or rollback,deployment_change_failure_count,"dashboard_engineering,dashboard_slo_incidents",Unique production deployments causing a confirmed incident or rollback.,count distinct failed-change deployments,counter,count,release control plane,day,engineering,Engineering,0,1,3,lower,86400,3650,1,2240
metric_release_rollbacks,Production rollbacks,release_rollback_count,"dashboard_engineering,dashboard_slo_incidents",Production deployments explicitly rolled back.,count rolled back production deployments,counter,count,release control plane,day,engineering,Engineering,0,1,3,lower,86400,3650,1,2250
metric_rollback_success,Rollback success rate,rollback_success_rate,"dashboard_engineering,dashboard_slo_incidents",Successful rollback executions among completed rollback attempts.,successful rollbacks / completed rollback attempts,ratio,%,release control plane,day,engineering,Engineering,100,95,80,higher,86400,3650,1,2260
metric_hotfix_count,Production hotfixes,hotfix_count,"dashboard_engineering,dashboard_slo_incidents",Production hotfix deployments attributed to a prior release failure.,count production hotfixes,counter,count,release control plane,day,engineering,Engineering,0,1,3,lower,86400,3650,1,2270
metric_release_incidents,Releases causing incident,release_incident_count,"dashboard_engineering,dashboard_slo_incidents",Unique production releases causing a confirmed incident.,count releases with confirmed incident,counter,count,release control plane,day,engineering,Engineering,0,1,3,lower,86400,3650,1,2280
metric_canary_failures,Canary failures,canary_failure_count,"dashboard_engineering,dashboard_live_operations",Production canary deployments stopped by a failed gate.,count failed production canaries,counter,count,release control plane,day,engineering,Engineering,0,1,3,lower,86400,3650,1,2290
metric_artifact_mismatch,Artifact mismatches,artifact_mismatch_count,"dashboard_engineering,dashboard_security",Deployments where the promoted artifact differs from the approved artifact identity.,count artifact identity mismatches,counter,count,release control plane,day,security,Security,0,1,2,lower,86400,3650,1,2300
metric_environment_drift,Environment drift findings,environment_drift_count,"dashboard_engineering,dashboard_security",Confirmed configuration drift findings between approved environments.,count confirmed environment drift findings,counter,count,release control plane,day,security,Security,0,1,3,lower,86400,3650,1,2310
metric_rollback_attempts,Rollback attempts,rollback_attempt_count,"dashboard_engineering,dashboard_slo_incidents",Completed production rollback attempts including failures.,count completed rollback attempts,counter,count,release control plane,day,engineering,Engineering,0,1,3,lower,86400,3650,1,2320
metric_sync_attempt_age,Odoo sync last attempt age,odoo_sync_attempt_age_seconds,"dashboard_data_quality",Vek posledného úplne zmeraného pokusu o Odoo synchronizáciu.,now - latest complete sync attempt start,gauge,s,sync evidence,5m,engineering,Engineering,0,450,900,lower,300,730,1,2330
metric_sync_duration,Odoo sync duration,odoo_sync_duration_seconds,"dashboard_data_quality",Trvanie posledného úplne zmeraného sync pokusu.,sync finished at - started at,duration,s,sync evidence,event,engineering,Engineering,0,300,900,lower,300,730,1,2340
metric_sync_records_read,Odoo sync records read,odoo_sync_records_read_count,"dashboard_data_quality",Počet zdrojových záznamov prečítaných posledným úplným sync pokusom.,count source records read,counter,count,sync evidence,event,engineering,Engineering,0,0,0,neutral,300,730,1,2350
metric_sync_records_created,Odoo sync records created,odoo_sync_records_created_count,"dashboard_data_quality",Počet záznamov vytvorených posledným úplným sync pokusom.,count records created,counter,count,sync evidence,event,engineering,Engineering,0,0,0,neutral,300,730,1,2360
metric_sync_records_updated,Odoo sync records updated,odoo_sync_records_updated_count,"dashboard_data_quality",Počet záznamov aktualizovaných posledným úplným sync pokusom.,count records updated,counter,count,sync evidence,event,engineering,Engineering,0,0,0,neutral,300,730,1,2370
metric_sync_records_skipped,Odoo sync records skipped,odoo_sync_records_skipped_count,"dashboard_data_quality",Počet oprávnene preskočených zdrojových záznamov.,count records skipped,counter,count,sync evidence,event,engineering,Engineering,0,1,10,lower,300,730,1,2380
metric_sync_records_rejected,Odoo sync records rejected,odoo_sync_records_rejected_count,"dashboard_data_quality",Počet odmietnutých zdrojových záznamov.,count records rejected,counter,count,sync evidence,event,engineering,Engineering,0,1,10,lower,300,730,1,2390
metric_sync_duplicate_upserts,Odoo sync duplicate upserts,odoo_sync_duplicate_upsert_count,"dashboard_data_quality",Počet deduplikovaných opakovaných upsert pokusov.,count duplicate upserts,counter,count,sync evidence,event,engineering,Engineering,0,1,10,lower,300,730,1,2400
metric_sync_api_errors,Odoo sync API errors,odoo_sync_api_error_count,"dashboard_data_quality",Počet API chýb v poslednom úplnom sync pokuse.,count API errors,counter,count,sync evidence,event,engineering,Engineering,0,1,5,lower,300,730,1,2410
metric_sync_auth_errors,Odoo sync authentication errors,odoo_sync_authentication_error_count,"dashboard_data_quality",Počet chýb autentifikácie v poslednom úplnom sync pokuse.,count authentication errors,counter,count,sync evidence,event,security,Security,0,1,2,lower,300,730,1,2420
metric_sync_permission_errors,Odoo sync permission errors,odoo_sync_permission_error_count,"dashboard_data_quality",Počet permission chýb v poslednom úplnom sync pokuse.,count permission errors,counter,count,sync evidence,event,security,Security,0,1,2,lower,300,730,1,2430
metric_sync_rate_limit_errors,Odoo sync rate-limit errors,odoo_sync_rate_limit_error_count,"dashboard_data_quality",Počet rate-limit chýb v poslednom úplnom sync pokuse.,count rate-limit errors,counter,count,sync evidence,event,engineering,Engineering,0,1,10,lower,300,730,1,2440
metric_sync_retries,Odoo sync retries,odoo_sync_retry_count,"dashboard_data_quality",Počet retry pokusov v poslednom úplnom sync behu.,count sync retries,counter,count,sync evidence,event,engineering,Engineering,0,1,10,lower,300,730,1,2450
metric_sync_backlog,Odoo sync backlog,odoo_sync_backlog_count,"dashboard_data_quality",Počet záznamov čakajúcich na synchronizáciu po poslednom úplnom pokuse.,count unsynced backlog,gauge,count,sync evidence,event,engineering,Engineering,0,1,100,lower,300,730,1,2460
metric_sync_oldest_unsynced,Oldest unsynced period age,odoo_sync_oldest_unsynced_age_seconds,"dashboard_data_quality",Vek najstaršieho záznamu čakajúceho na synchronizáciu.,now - oldest unsynced source timestamp,gauge,s,sync evidence,5m,engineering,Engineering,0,900,3600,lower,300,730,1,2470
metric_event_clock_skew,Event clock skew,event_clock_skew_seconds,"dashboard_data_quality",Najväčší absolútny rozdiel medzi zdrojovým a ingest časom v úplnom event okne.,max absolute source timestamp - ingest timestamp,gauge,s,event pipeline,5m,engineering,Engineering,0,5,30,lower,300,730,1,2480
metric_event_processing_lag,Event processing lag p95,event_processing_lag_p95_seconds,"dashboard_data_quality",P95 času od prijatia eventu po ukončenie jeho spracovania v úplnom okne.,p95 processing finished at - event received at,duration,s,event pipeline,5m,engineering,Engineering,0,5,30,lower,300,730,1,2490
metric_dead_letter_events,Dead-letter events,dead_letter_event_count,"dashboard_data_quality",Počet eventov presunutých do dead-letter fronty v úplnom event okne.,count dead-letter events,counter,count,event pipeline,5m,engineering,Engineering,0,1,10,lower,300,730,1,2500
metric_quality_freshness,Metric freshness,metric_freshness_rate,"dashboard_data_quality",Podiel oprávnených metrík ktoré boli v čase kontroly čerstvé.,fresh metrics / eligible metrics,ratio,%,metric quality evidence,5m,engineering,Engineering,100,99,95,higher,300,730,1,2510
metric_quality_completeness,Metric completeness,metric_completeness_rate,"dashboard_data_quality",Podiel oprávnených metrík s úplnými povinnými hodnotami a dimenziami.,complete metrics / eligible metrics,ratio,%,metric quality evidence,5m,engineering,Engineering,100,99,95,higher,300,730,1,2520
metric_quality_uniqueness,Metric uniqueness,metric_uniqueness_rate,"dashboard_data_quality",Podiel oprávnených metrík bez duplicitného business kľúča.,unique metrics / eligible metrics,ratio,%,metric quality evidence,5m,engineering,Engineering,100,99,95,higher,300,730,1,2530
metric_quality_validity,Metric validity,metric_validity_rate,"dashboard_data_quality",Podiel oprávnených metrík spĺňajúcich schému a rozsah hodnôt.,valid metrics / eligible metrics,ratio,%,metric quality evidence,5m,engineering,Engineering,100,99,95,higher,300,730,1,2540
metric_quality_consistency,Metric consistency,metric_consistency_rate,"dashboard_data_quality",Podiel oprávnených metrík konzistentných s deklarovanými vzťahmi a zdrojmi.,consistent metrics / eligible metrics,ratio,%,metric quality evidence,5m,engineering,Engineering,100,99,95,higher,300,730,1,2550
metric_quality_reconciliation,Data quality reconciliation difference,data_quality_reconciliation_difference,"dashboard_data_quality",Absolútna odchýlka medzi porovnávanými zdrojmi v úplnom quality behu.,absolute reconciled source difference,gauge,count,metric quality evidence,5m,engineering,Engineering,0,0.01,1,lower,300,730,1,2560
metric_quality_outliers,Data quality outliers,data_quality_outlier_count,"dashboard_data_quality",Počet oprávnených metrík označených schváleným detektorom ako outlier.,count detected metric outliers,counter,count,metric quality evidence,5m,engineering,Engineering,0,1,10,lower,300,730,1,2570
metric_quality_unexpected_zero,Unexpected zero values,unexpected_zero_value_count,"dashboard_data_quality",Počet oprávnených metrík s neočakávanou nulovou hodnotou.,count unexpected zero metric values,counter,count,metric quality evidence,5m,engineering,Engineering,0,1,10,lower,300,730,1,2580
metric_quality_volume_spike,Unexpected volume spikes,unexpected_volume_spike_count,"dashboard_data_quality",Počet oprávnených metrík s neočakávaným nárastom objemu.,count unexpected metric volume spikes,counter,count,metric quality evidence,5m,engineering,Engineering,0,1,10,lower,300,730,1,2590
metric_quality_ratio_violation,Numerator over denominator violations,numerator_denominator_violation_count,"dashboard_data_quality",Počet ratio metrík kde numerator prekročil denominator.,count numerator greater than denominator violations,counter,count,metric quality evidence,5m,engineering,Engineering,0,1,5,lower,300,730,1,2600
metric_quality_negative_violation,Invalid negative values,negative_value_violation_count,"dashboard_data_quality",Počet metrík so zápornou hodnotou tam kde kontrakt povoľuje iba nezápornú.,count invalid negative metric values,counter,count,metric quality evidence,5m,engineering,Engineering,0,1,5,lower,300,730,1,2610
metric_quality_missing_dimensions,Missing metric dimensions,missing_dimension_count,"dashboard_data_quality",Počet oprávnených metrík bez povinnej dimenzie.,count metrics missing required dimensions,counter,count,metric quality evidence,5m,engineering,Engineering,0,1,10,lower,300,730,1,2620
metric_backup_duration,Backup duration,backup_duration_seconds,"dashboard_backup_dr",Duration of the latest complete backup attempt.,finished at - started at,duration,s,backup evidence,event,engineering,Engineering,300,900,1800,lower,300,3650,1,2630
metric_backup_size,Backup size,backup_size_bytes,"dashboard_backup_dr",Stored bytes reported by the latest complete backup attempt.,latest complete backup size,gauge,bytes,backup evidence,event,engineering,Engineering,1,0,0,higher,300,3650,1,2640
metric_backup_failure_count,Backup failures in 24 hours,backup_failure_count_24h,"dashboard_backup_dr,dashboard_founder",Number of failed backup attempts in the previous 24 hours.,count failed backups in 24 hours,counter,count,backup evidence,5m,engineering,Engineering,0,1,3,lower,300,3650,1,2650
metric_backup_snapshot_count,Retained backup snapshots,backup_snapshot_count,"dashboard_backup_dr",Current count of retained backup snapshots.,count retained snapshots,gauge,count,backup evidence,5m,engineering,Engineering,7,3,1,higher,300,3650,1,2660
metric_backup_pitr_enabled,Point-in-time recovery enabled,backup_pitr_enabled_status,"dashboard_backup_dr,dashboard_founder",Whether point-in-time recovery is enabled for the environment.,PITR enabled boolean,status,status,backup evidence,5m,engineering,Engineering,1,0.5,0,higher,300,3650,1,2670
metric_backup_pitr_window,Point-in-time recovery window,backup_pitr_window_seconds,"dashboard_backup_dr",Available point-in-time recovery window in seconds.,PITR retention window,gauge,s,backup evidence,5m,engineering,Engineering,86400,21600,0,higher,300,3650,1,2680
metric_backup_wal_health,WAL archive health,backup_wal_archive_health_status,"dashboard_backup_dr",Health of the applicable WAL or archive stream; omitted when PITR is not applicable.,healthy WAL archive boolean,status,status,backup evidence,5m,engineering,Engineering,1,0.5,0,higher,300,3650,1,2690
metric_backup_secondary_copy,Secondary backup copy health,backup_secondary_copy_status,"dashboard_backup_dr,dashboard_founder",Whether the independently stored secondary backup copy is healthy.,healthy secondary copy boolean,status,status,backup evidence,5m,engineering,Engineering,1,0.5,0,higher,300,3650,1,2700
metric_backup_encryption,Backup encryption,backup_encryption_status,"dashboard_backup_dr",Whether the latest complete backup evidence confirms encryption.,encrypted backup boolean,status,status,backup evidence,5m,engineering,Engineering,1,0.5,0,higher,300,3650,1,2710
metric_backup_storage_cost,Monthly backup storage cost,backup_storage_cost_monthly_eur,"dashboard_backup_dr,dashboard_finops",Monthly backup storage cost attributed to the environment.,latest monthly backup storage cost,gauge,EUR,backup evidence,month,finance,Engineering,0,500,1000,lower,86400,3650,1,2720
metric_restore_duration,Restore duration,restore_duration_seconds,"dashboard_backup_dr",Duration of the latest complete restore test.,finished at - started at,duration,s,restore evidence,event,engineering,Engineering,3600,7200,14400,lower,86400,3650,1,2730
metric_restore_checksum,Restore checksum validation,restore_checksum_status,"dashboard_backup_dr",Whether restored data passed checksum validation.,checksum valid boolean,status,status,restore evidence,event,engineering,Engineering,1,0.5,0,higher,86400,3650,1,2740
metric_restore_missing_records,Missing records after restore,restore_missing_record_count,"dashboard_backup_dr,dashboard_founder",Count of records missing from the verified restore comparison.,count missing restored records,counter,count,restore evidence,event,engineering,Engineering,0,1,5,lower,86400,3650,1,2750
metric_restore_app_smoke,Restored application smoke test,restore_application_smoke_status,"dashboard_backup_dr",Whether the application smoke test passed against the restored system.,application smoke passed boolean,status,status,restore evidence,event,engineering,Engineering,1,0.5,0,higher,86400,3650,1,2760
metric_restore_tenant_isolation,Restored tenant isolation,restore_tenant_isolation_status,"dashboard_backup_dr",Whether tenant isolation passed in the restored system.,tenant isolation passed boolean,status,status,restore evidence,event,engineering,Engineering,1,0.5,0,higher,86400,3650,1,2770
metric_restore_next_overdue,Next restore test overdue,restore_next_test_overdue_seconds,"dashboard_backup_dr",Seconds by which the scheduled next restore test is overdue; zero until due.,max now - next test at,duration,s,restore evidence,5m,engineering,Engineering,0,1,604800,lower,300,3650,1,2780
metric_dr_drill_age,Disaster recovery drill age,dr_drill_age_seconds,"dashboard_backup_dr,dashboard_founder",Time since the latest complete disaster recovery drill.,now - latest complete DR drill,duration,s,disaster recovery evidence,5m,engineering,Engineering,0,2592000,7776000,lower,300,3650,1,2790
metric_dr_drill_success,Disaster recovery drill success,dr_drill_success_status,"dashboard_backup_dr,dashboard_founder",Whether the latest complete disaster recovery drill succeeded.,successful DR drill boolean,status,status,disaster recovery evidence,event,engineering,Engineering,1,0.5,0,higher,86400,3650,1,2800
metric_dr_failover_duration,DR failover duration,dr_failover_duration_seconds,"dashboard_backup_dr",Measured failover duration in the latest complete DR drill.,measured failover duration,duration,s,disaster recovery evidence,event,engineering,Engineering,900,1800,3600,lower,86400,3650,1,2810
metric_dr_failback_duration,DR failback duration,dr_failback_duration_seconds,"dashboard_backup_dr",Measured failback duration in the latest complete DR drill.,measured failback duration,duration,s,disaster recovery evidence,event,engineering,Engineering,1800,3600,7200,lower,86400,3650,1,2820
metric_dr_dns_duration,DR DNS propagation duration,dr_dns_propagation_duration_seconds,"dashboard_backup_dr",Measured DNS propagation duration during the latest complete DR drill.,measured DNS propagation duration,duration,s,disaster recovery evidence,event,engineering,Engineering,300,900,1800,lower,86400,3650,1,2830
metric_dr_unavailable_dependencies,Unavailable DR dependencies,dr_unavailable_dependency_count,"dashboard_backup_dr",Count of unavailable dependencies observed in the latest complete DR drill.,count unavailable dependencies,counter,count,disaster recovery evidence,event,engineering,Engineering,0,1,3,lower,86400,3650,1,2840
metric_dr_runbook_accuracy,DR runbook accuracy,dr_runbook_accuracy_rate,"dashboard_backup_dr",Percentage of executed DR runbook steps that were accurate.,accurate runbook steps / executed runbook steps,ratio,%,disaster recovery evidence,event,engineering,Engineering,100,95,80,higher,86400,3650,1,2850
metric_dr_open_remediations,Open DR remediation actions,dr_open_remediation_action_count,"dashboard_backup_dr,dashboard_founder",Count of still-open remediation actions from the latest complete DR drill.,count open DR remediation actions,counter,count,disaster recovery evidence,5m,engineering,Engineering,0,1,5,lower,300,3650,1,2860
metric_dr_next_overdue,Next DR drill overdue,dr_next_drill_overdue_seconds,"dashboard_backup_dr",Seconds by which the scheduled next DR drill is overdue; zero until due.,max now - next drill at,duration,s,disaster recovery evidence,5m,engineering,Engineering,0,1,2592000,lower,300,3650,1,2870
metric_eng_open_prs,Open pull requests,open_pr_count,"dashboard_engineering",Count of pull requests open at the daily watermark.,count open pull requests,gauge,count,engineering quality evidence,day,engineering,Engineering,0,10,25,lower,86400,730,1,2880
metric_eng_pr_cycle_p50,PR cycle time p50,pr_cycle_time_p50_seconds,"dashboard_engineering",Median elapsed time from pull request opening to merge.,median merged at - opened at,duration,s,engineering quality evidence,day,engineering,Engineering,86400,259200,604800,lower,86400,730,1,2890
metric_eng_pr_first_review_p50,PR time to first review p50,pr_time_to_first_review_p50_seconds,"dashboard_engineering",Median elapsed time from pull request opening to first review.,median first review at - opened at,duration,s,engineering quality evidence,day,engineering,Engineering,14400,43200,86400,lower,86400,730,1,2900
metric_eng_pr_approval_merge_p50,PR approval to merge p50,pr_approval_to_merge_p50_seconds,"dashboard_engineering",Median elapsed time from approval to merge.,median merged at - approved at,duration,s,engineering quality evidence,day,engineering,Engineering,3600,14400,43200,lower,86400,730,1,2910
metric_eng_pr_diff_average,Average PR diff lines,pr_average_diff_lines,"dashboard_engineering",Average changed lines per completed pull request.,changed lines / completed pull requests,gauge,count,engineering quality evidence,day,engineering,Engineering,250,500,1000,lower,86400,730,1,2920
metric_eng_pr_files_average,Average PR files changed,pr_average_files_changed,"dashboard_engineering",Average changed files per completed pull request.,changed files / completed pull requests,gauge,count,engineering quality evidence,day,engineering,Engineering,10,20,40,lower,86400,730,1,2930
metric_eng_pr_modules_average,Average PR modules changed,pr_average_modules_changed,"dashboard_engineering",Average changed modules per completed pull request.,changed modules / completed pull requests,gauge,count,engineering quality evidence,day,engineering,Engineering,2,5,10,lower,86400,730,1,2940
metric_eng_pr_comments_average,Average PR comments,pr_average_comment_count,"dashboard_engineering",Average review comments per completed pull request.,review comments / completed pull requests,gauge,count,engineering quality evidence,day,engineering,Engineering,3,8,15,lower,86400,730,1,2950
metric_eng_pr_requested_changes,Requested changes,pr_requested_changes_count,"dashboard_engineering",Count of change-request review events in the closed day.,count requested changes,counter,count,engineering quality evidence,day,engineering,Engineering,0,5,15,lower,86400,730,1,2960
metric_eng_stale_prs,Stale pull requests,stale_pr_count,"dashboard_engineering",Count of open pull requests older than the approved stale threshold.,count stale open pull requests,gauge,count,engineering quality evidence,day,engineering,Engineering,0,2,5,lower,86400,730,1,2970
metric_eng_reopened_prs,Reopened pull requests,reopened_pr_count,"dashboard_engineering",Count of completed pull requests reopened during the closed day.,count reopened pull requests,counter,count,engineering quality evidence,day,engineering,Engineering,0,1,3,lower,86400,730,1,2980
metric_eng_branch_age_average,Average branch age,branch_age_average_seconds,"dashboard_engineering",Average age of eligible active branches at the daily watermark.,average watermark - branch created at,duration,s,engineering quality evidence,day,engineering,Engineering,259200,604800,1209600,lower,86400,730,1,2990
metric_eng_branch_age_oldest,Oldest branch age,branch_oldest_age_seconds,"dashboard_engineering",Age of the oldest eligible active branch at the daily watermark.,maximum watermark - branch created at,duration,s,engineering quality evidence,day,engineering,Engineering,604800,1209600,2592000,lower,86400,730,1,3000
metric_eng_stale_branches,Stale branches,stale_branch_count,"dashboard_engineering",Count of active branches older than the approved stale threshold.,count stale active branches,gauge,count,engineering quality evidence,day,engineering,Engineering,0,3,10,lower,86400,730,1,3010
metric_eng_merge_conflicts,Merge conflicts,merge_conflict_count,"dashboard_engineering",Count of detected merge conflicts in eligible pull requests.,count merge conflicts,counter,count,engineering quality evidence,day,engineering,Engineering,0,1,3,lower,86400,730,1,3020
metric_eng_direct_main_pushes,Direct main pushes,direct_main_push_count,"dashboard_engineering",Count of direct pushes to protected production branches.,count direct production branch pushes,counter,count,engineering quality evidence,day,engineering,Engineering,0,1,2,lower,86400,3650,1,3030
metric_eng_protection_bypasses,Branch protection bypasses,branch_protection_bypass_count,"dashboard_engineering,dashboard_security",Count of branch protection bypass events.,count protection bypass events,counter,count,engineering quality evidence,day,security,Security,0,1,2,lower,86400,3650,1,3040
metric_eng_failed_required_checks,Failed required checks,failed_required_check_count,"dashboard_engineering",Count of failed required branch checks.,count failed required checks,counter,count,engineering quality evidence,day,engineering,Engineering,0,3,10,lower,86400,730,1,3050
metric_eng_emergency_merges,Emergency merges,emergency_merge_count,"dashboard_engineering",Count of explicitly classified emergency merges.,count emergency merges,counter,count,engineering quality evidence,day,engineering,Engineering,0,1,2,lower,86400,3650,1,3060
metric_eng_unreviewed_prod_changes,Unreviewed production changes,unreviewed_production_change_count,"dashboard_engineering,dashboard_security",Count of production changes merged without required human review.,count unreviewed production changes,counter,count,engineering quality evidence,day,security,Security,0,1,2,lower,86400,3650,1,3070
metric_eng_builds,Build count,build_count,"dashboard_engineering",Count of eligible CI builds completed in the closed day.,count completed builds,counter,count,engineering quality evidence,day,engineering,Engineering,1,0,0,higher,86400,730,1,3080
metric_eng_build_duration_p95,Build duration p95,build_duration_p95_seconds,"dashboard_engineering",95th percentile duration of eligible completed CI builds.,p95 finished at - started at,duration,s,engineering quality evidence,day,engineering,Engineering,600,1200,2400,lower,86400,730,1,3090
metric_eng_build_queue_p95,Build queue time p95,build_queue_p95_seconds,"dashboard_engineering",95th percentile time eligible builds waited before starting.,p95 started at - queued at,duration,s,engineering quality evidence,day,engineering,Engineering,60,300,900,lower,86400,730,1,3100
metric_eng_flaky_job_rate,Flaky CI job rate,flaky_job_rate,"dashboard_engineering",Percentage of eligible jobs that failed and passed without an applicable code change.,flaky jobs / eligible jobs,ratio,%,engineering quality evidence,day,engineering,Engineering,0,2,5,lower,86400,730,1,3110
metric_eng_unit_pass_rate,Unit test pass rate,unit_test_pass_rate,"dashboard_engineering",Percentage of executed unit tests that passed.,passed unit tests / executed unit tests,ratio,%,engineering quality evidence,day,engineering,Engineering,100,98,95,higher,86400,730,1,3120
metric_eng_integration_pass_rate,Integration test pass rate,integration_test_pass_rate,"dashboard_engineering",Percentage of executed integration tests that passed.,passed integration tests / executed integration tests,ratio,%,engineering quality evidence,day,engineering,Engineering,100,98,95,higher,86400,730,1,3130
metric_eng_e2e_pass_rate,E2E test pass rate,e2e_test_pass_rate,"dashboard_engineering",Percentage of executed end-to-end tests that passed.,passed end-to-end tests / executed end-to-end tests,ratio,%,engineering quality evidence,day,engineering,Engineering,100,98,95,higher,86400,730,1,3140
metric_eng_performance_pass_rate,Performance test pass rate,performance_test_pass_rate,"dashboard_engineering",Percentage of executed performance tests that passed.,passed performance tests / executed performance tests,ratio,%,engineering quality evidence,day,engineering,Engineering,100,98,95,higher,86400,730,1,3150
metric_eng_security_pass_rate,Security test pass rate,security_test_pass_rate,"dashboard_engineering,dashboard_security",Percentage of executed security tests that passed.,passed security tests / executed security tests,ratio,%,engineering quality evidence,day,security,Security,100,100,95,higher,86400,3650,1,3160
metric_eng_flaky_test_age,Flaky test age,flaky_test_age_seconds,"dashboard_engineering",Average age of currently unresolved confirmed flaky tests.,average watermark - flaky confirmation at,duration,s,engineering quality evidence,day,engineering,Engineering,86400,604800,2592000,lower,86400,730,1,3170
metric_eng_ignored_tests,Ignored tests,ignored_test_count,"dashboard_engineering",Count of tests explicitly disabled or ignored.,count ignored tests,gauge,count,engineering quality evidence,day,engineering,Engineering,0,1,5,lower,86400,730,1,3180
metric_eng_skipped_tests,Skipped tests,skipped_test_count,"dashboard_engineering",Count of tests skipped in eligible executions.,count skipped tests,counter,count,engineering quality evidence,day,engineering,Engineering,0,3,10,lower,86400,730,1,3190
metric_eng_test_duration_p95,Test duration p95,test_duration_p95_seconds,"dashboard_engineering",95th percentile duration of eligible test jobs.,p95 test job duration,duration,s,engineering quality evidence,day,engineering,Engineering,600,1200,2400,lower,86400,730,1,3200
metric_eng_critical_coverage,Critical path coverage,critical_path_coverage_rate,"dashboard_engineering",Coverage percentage for explicitly classified critical paths.,covered critical items / eligible critical items,ratio,%,engineering quality evidence,day,engineering,Engineering,100,95,90,higher,86400,730,1,3210
metric_eng_mutation_score,Mutation score,mutation_score_rate,"dashboard_engineering",Percentage of eligible injected mutations killed by tests.,killed mutations / eligible mutations,ratio,%,engineering quality evidence,day,engineering,Engineering,90,75,60,higher,86400,730,1,3220
metric_eng_bug_reopen_rate,Bug reopen rate,bug_reopen_rate,"dashboard_engineering",Percentage of eligible resolved bugs reopened.,reopened bugs / eligible resolved bugs,ratio,%,engineering quality evidence,day,engineering,Engineering,0,5,10,lower,86400,730,1,3230
metric_eng_active_flags,Active feature flags,active_feature_flag_count,"dashboard_engineering",Count of active feature flags at the daily watermark.,count active feature flags,gauge,count,engineering quality evidence,day,engineering,Engineering,0,20,50,lower,86400,730,1,3240
metric_eng_flags_without_owner,Feature flags without owner,feature_flag_without_owner_count,"dashboard_engineering",Count of active feature flags without an accountable owner.,count active flags without owner,gauge,count,engineering quality evidence,day,engineering,Engineering,0,1,3,lower,86400,730,1,3250
metric_eng_flags_without_expiry,Feature flags without expiry,feature_flag_without_expiry_count,"dashboard_engineering",Count of active non-permanent feature flags without expiry.,count active flags without expiry,gauge,count,engineering quality evidence,day,engineering,Engineering,0,1,3,lower,86400,730,1,3260
metric_eng_flag_age_p95,Feature flag age p95,feature_flag_age_p95_seconds,"dashboard_engineering",95th percentile age of active feature flags.,p95 watermark - flag created at,duration,s,engineering quality evidence,day,engineering,Engineering,604800,2592000,7776000,lower,86400,730,1,3270
metric_eng_permanent_flags,Permanent feature flags,permanent_feature_flag_count,"dashboard_engineering",Count of active flags explicitly classified as permanent.,count active permanent flags,gauge,count,engineering quality evidence,day,engineering,Engineering,0,5,15,lower,86400,730,1,3280
metric_eng_flags_untested_on,Flags untested on,feature_flag_untested_on_count,"dashboard_engineering",Count of active feature flags without tested enabled behavior.,count flags lacking on-state test,gauge,count,engineering quality evidence,day,engineering,Engineering,0,1,3,lower,86400,730,1,3290
metric_eng_flags_untested_off,Flags untested off,feature_flag_untested_off_count,"dashboard_engineering",Count of active feature flags without tested disabled behavior.,count flags lacking off-state test,gauge,count,engineering quality evidence,day,engineering,Engineering,0,1,3,lower,86400,730,1,3300
metric_eng_flag_rollbacks,Feature flag rollbacks,feature_flag_rollback_count,"dashboard_engineering",Count of rollbacks performed through a feature flag.,count feature flag rollbacks,counter,count,engineering quality evidence,day,engineering,Engineering,0,1,3,lower,86400,730,1,3310
metric_eng_boundary_violations,Module boundary violations,module_boundary_violation_count,"dashboard_engineering",Count of confirmed architecture module-boundary violations.,count module boundary violations,gauge,count,engineering quality evidence,day,engineering,Engineering,0,1,5,lower,86400,730,1,3320
metric_eng_cycles,Cyclic dependencies,cyclic_dependency_count,"dashboard_engineering",Count of confirmed dependency cycles.,count dependency cycles,gauge,count,engineering quality evidence,day,engineering,Engineering,0,1,3,lower,86400,730,1,3330
metric_eng_duplicate_code,Duplicate code rate,duplicate_code_rate,"dashboard_engineering",Percentage of eligible source lines classified as duplicated.,duplicated source lines / eligible source lines,ratio,%,engineering quality evidence,day,engineering,Engineering,0,3,5,lower,86400,730,1,3340
metric_eng_complexity_regressions,Complexity regression rate,complexity_regression_rate,"dashboard_engineering",Percentage of analyzed units whose complexity increased beyond policy.,regressed units / analyzed units,ratio,%,engineering quality evidence,day,engineering,Engineering,0,2,5,lower,86400,730,1,3350
metric_eng_oversized_files,Oversized files,oversized_file_count,"dashboard_engineering",Count of source files exceeding the approved size policy.,count oversized source files,gauge,count,engineering quality evidence,day,engineering,Engineering,0,3,10,lower,86400,730,1,3360
metric_eng_oversized_functions,Oversized functions,oversized_function_count,"dashboard_engineering",Count of functions exceeding the approved size policy.,count oversized functions,gauge,count,engineering quality evidence,day,engineering,Engineering,0,5,20,lower,86400,730,1,3370
metric_eng_dead_code,Dead code findings,dead_code_finding_count,"dashboard_engineering",Count of confirmed dead-code findings.,count confirmed dead-code findings,gauge,count,engineering quality evidence,day,engineering,Engineering,0,5,20,lower,86400,730,1,3380
metric_eng_unused_dependencies,Unused dependencies,unused_dependency_count,"dashboard_engineering,dashboard_security",Count of confirmed unused declared dependencies.,count unused dependencies,gauge,count,engineering quality evidence,day,security,Security,0,2,10,lower,86400,730,1,3390
metric_eng_todos,TODO items,todo_count,"dashboard_engineering",Count of policy-scoped TODO markers in source code.,count scoped TODO markers,gauge,count,engineering quality evidence,day,engineering,Engineering,0,10,50,lower,86400,730,1,3400
metric_eng_tech_debt_items,Technical debt items,tech_debt_item_count,"dashboard_engineering",Count of open technical-debt items in the approved tracker.,count open technical-debt items,gauge,count,engineering quality evidence,day,engineering,Engineering,0,10,30,lower,86400,730,1,3410
metric_eng_tech_debt_age,Average technical debt age,tech_debt_age_average_seconds,"dashboard_engineering",Average age of open technical-debt items.,average watermark - debt item created at,duration,s,engineering quality evidence,day,engineering,Engineering,2592000,7776000,15552000,lower,86400,730,1,3420
metric_eng_sensitive_code_review,Sensitive code without CODEOWNER review,sensitive_code_without_codeowner_review_count,"dashboard_engineering,dashboard_security",Count of sensitive production changes merged without required CODEOWNER review.,count sensitive changes without CODEOWNER review,counter,count,engineering quality evidence,day,security,Security,0,1,2,lower,86400,3650,1,3430
